id,duration_months,credit_amount,installment_rate,present_residence_since,age_years,number_existing_credits,checking_status,credit_history,purpose,savings_account,present_employment_since,debtors_guarantors,property,installment_plans,housing,job,number_people_liable,telephone,foreign_worker,gender,label_value,score
687,36,2862.5,4,3,30,1,A12,A33,A40,A62,A75,A101,A124,A143,A153,A173,1,A191,False,male,0,1
500,24,3123.0,4,1,27,1,A11,A32,A40,A61,A72,A101,A122,A143,A152,A173,1,A191,False,female,1,1
332,60,7408.0,4,2,24,1,A12,A32,A40,A62,A72,A101,A122,A143,A152,A174,1,A191,False,female,1,1
979,15,1264.0,2,2,25,1,A12,A31,A40,A62,A73,A101,A122,A143,A151,A173,1,A191,False,male,1,1
817,6,1554.0,1,2,24,2,A14,A34,A43,A61,A74,A101,A123,A143,A151,A173,1,A192,False,female,0,0
620,21,3652.0,2,3,27,2,A12,A34,A49,A61,A74,A101,A122,A143,A152,A173,1,A191,False,male,0,0
814,48,3931.0,4,4,46,1,A11,A32,A40,A61,A74,A101,A124,A143,A153,A173,2,A191,False,male,1,1
516,6,1361.0,2,4,40,1,A11,A34,A40,A61,A72,A101,A121,A143,A152,A172,2,A191,True,male,0,1
518,6,1203.0,3,2,43,1,A11,A32,A40,A62,A75,A101,A122,A143,A152,A173,1,A192,False,male,0,1
940,12,3527.0,2,3,45,1,A14,A32,A40,A65,A72,A101,A122,A143,A152,A174,2,A192,False,male,0,0
113,36,7855.0,4,2,25,2,A14,A34,A40,A61,A73,A101,A121,A142,A152,A173,1,A192,False,female,1,0
612,21,3357.0,4,2,29,1,A11,A32,A43,A64,A72,A101,A123,A141,A152,A173,1,A191,False,female,0,1
37,18,2100.0,4,2,37,1,A13,A32,A43,A61,A73,A102,A121,A142,A152,A173,1,A191,False,male,1,1
894,18,1169.0,4,3,29,2,A14,A34,A43,A65,A73,A101,A122,A143,A152,A173,1,A192,False,male,0,0
895,36,8947.0,3,2,31,1,A14,A33,A41,A65,A74,A101,A123,A142,A152,A174,2,A192,False,male,0,0
992,18,1936.0,2,4,23,2,A11,A32,A43,A65,A74,A101,A123,A143,A151,A172,1,A191,False,male,0,1
158,24,3512.0,2,3,38,2,A12,A32,A40,A62,A74,A101,A123,A141,A152,A173,1,A192,False,male,0,1
154,24,6967.0,4,4,36,1,A12,A33,A49,A62,A74,A101,A123,A143,A151,A174,1,A192,False,male,0,1
40,30,2333.0,4,2,30,1,A14,A32,A43,A63,A75,A101,A123,A141,A152,A174,1,A191,False,male,0,0
585,18,2039.0,1,4,20,1,A11,A32,A42,A61,A73,A101,A121,A141,A151,A173,1,A191,False,female,1,1
805,36,9271.0,2,1,24,1,A11,A32,A40,A61,A74,A101,A123,A143,A152,A173,1,A192,False,male,1,1
592,21,1572.0,4,4,36,1,A14,A32,A49,A64,A75,A101,A121,A141,A152,A172,1,A191,False,female,0,0
964,6,454.0,3,1,22,1,A12,A32,A45,A61,A72,A101,A122,A143,A152,A172,1,A191,False,male,0,1
266,36,6304.0,4,4,36,2,A14,A34,A49,A65,A75,A101,A121,A143,A152,A173,1,A191,False,male,0,0
406,24,2197.0,4,4,43,2,A14,A34,A41,A65,A74,A101,A123,A143,A152,A173,2,A192,False,male,0,0
294,48,7629.0,4,2,46,2,A14,A34,A49,A65,A75,A101,A123,A141,A152,A174,2,A191,False,male,0,0
604,10,1275.0,4,2,23,1,A13,A32,A42,A61,A72,A101,A122,A143,A152,A173,1,A191,False,female,0,1
522,48,7119.0,3,4,53,2,A11,A30,A42,A61,A73,A101,A124,A143,A153,A173,2,A191,False,male,1,1
18,24,12579.0,4,2,44,1,A12,A32,A41,A61,A75,A101,A124,A143,A153,A174,1,A192,False,female,1,1
425,18,2779.0,1,3,21,1,A12,A32,A41,A61,A73,A101,A123,A143,A151,A173,1,A192,False,male,0,1
527,4,1503.0,2,1,42,2,A14,A34,A43,A61,A74,A101,A121,A143,A152,A172,2,A191,False,male,0,0
308,8,1237.0,3,4,24,1,A12,A32,A42,A61,A73,A101,A121,A143,A152,A173,1,A191,False,female,1,1
622,48,3914.0,4,2,38,1,A14,A32,A49,A65,A73,A101,A121,A141,A152,A173,1,A191,False,male,1,0
794,24,3062.0,4,3,32,1,A14,A32,A42,A63,A75,A101,A124,A143,A151,A173,1,A192,False,male,0,0
62,36,1953.0,4,4,61,1,A12,A30,A49,A61,A75,A101,A124,A143,A153,A174,1,A192,False,male,1,1
79,30,3832.0,2,1,22,1,A12,A32,A42,A61,A72,A101,A122,A143,A152,A173,1,A191,False,male,0,1
680,6,1538.0,1,2,56,1,A14,A32,A46,A61,A72,A101,A124,A143,A152,A173,1,A191,False,female,0,0
193,6,2108.0,2,2,29,1,A14,A32,A43,A61,A74,A101,A121,A143,A151,A173,1,A191,False,male,0,0
750,6,428.0,2,1,49,1,A11,A32,A42,A61,A75,A101,A122,A141,A152,A173,1,A192,False,female,0,1
181,36,4455.0,2,2,30,2,A12,A33,A49,A61,A73,A101,A121,A142,A152,A174,1,A192,False,male,1,1
535,21,2319.0,2,1,33,1,A13,A34,A46,A61,A72,A101,A123,A143,A151,A173,1,A191,False,male,1,1
484,12,1163.0,4,4,44,1,A14,A34,A40,A63,A73,A101,A121,A143,A152,A173,1,A192,False,male,0,0
200,9,936.0,4,2,52,2,A14,A34,A46,A63,A75,A101,A123,A143,A152,A173,1,A192,False,male,0,0
364,18,2473.0,4,1,25,1,A11,A32,A42,A61,A71,A101,A123,A143,A152,A171,1,A191,False,male,1,1
991,15,1569.0,4,4,34,1,A14,A31,A43,A62,A75,A101,A123,A141,A152,A172,2,A191,False,male,0,0
462,12,3017.0,3,1,34,1,A12,A32,A42,A61,A72,A101,A121,A143,A151,A174,1,A191,False,female,0,1
356,12,2331.0,1,4,49,1,A14,A34,A43,A65,A75,A102,A121,A143,A152,A173,1,A192,False,male,0,0
2,12,2096.0,2,3,49,1,A14,A34,A46,A61,A74,A101,A121,A143,A152,A172,2,A191,False,male,0,0
478,12,1037.0,3,4,39,1,A12,A32,A49,A62,A74,A101,A121,A143,A152,A172,1,A191,False,male,0,0
695,6,1236.0,2,4,50,1,A14,A32,A41,A63,A73,A101,A122,A143,A151,A173,1,A191,False,male,0,0
253,24,4151.0,2,3,35,2,A14,A33,A42,A62,A73,A101,A122,A143,A152,A173,1,A191,False,male,0,0
667,48,3609.0,1,1,27,1,A14,A31,A49,A61,A73,A101,A121,A142,A152,A173,1,A191,False,female,0,0
85,12,1412.0,4,2,29,2,A14,A34,A49,A61,A73,A103,A121,A143,A152,A174,1,A192,False,female,0,0
969,11,3939.0,1,2,40,2,A11,A34,A40,A61,A73,A101,A121,A143,A152,A172,2,A191,False,male,0,1
75,12,1526.0,4,4,66,2,A11,A34,A41,A61,A75,A101,A124,A143,A153,A174,1,A191,False,male,0,1
786,22,2675.0,3,4,40,1,A14,A32,A43,A63,A75,A101,A123,A143,A152,A173,1,A191,False,male,0,0
658,30,4221.0,2,1,28,2,A12,A30,A49,A61,A73,A101,A123,A143,A152,A173,1,A191,False,female,0,1
465,24,2924.0,3,4,63,1,A11,A32,A41,A61,A73,A103,A124,A141,A152,A173,2,A192,False,male,0,1
920,18,1817.0,4,2,28,2,A14,A34,A42,A61,A73,A101,A124,A143,A152,A173,1,A191,False,female,0,0
38,10,1225.0,2,2,37,1,A13,A32,A44,A61,A73,A101,A123,A143,A152,A173,1,A192,False,male,0,0
944,15,1845.0,4,1,46,1,A11,A32,A42,A61,A72,A103,A122,A143,A151,A173,1,A191,False,female,0,1
725,6,250.0,2,2,41,2,A14,A34,A40,A64,A73,A101,A121,A141,A152,A172,1,A191,False,female,0,0
436,6,660.0,2,4,23,1,A14,A32,A45,A63,A74,A101,A121,A143,A151,A172,1,A191,False,male,0,0
140,6,709.0,2,2,27,1,A13,A32,A40,A64,A72,A101,A121,A143,A152,A171,1,A191,True,male,0,0
818,36,15857.0,2,3,43,1,A11,A32,A410,A61,A71,A102,A123,A143,A152,A174,1,A191,False,male,0,1
602,24,1837.0,4,4,34,1,A12,A31,A46,A61,A74,A101,A124,A141,A153,A172,1,A191,False,female,1,1
745,13,1797.0,3,1,28,2,A11,A34,A49,A61,A72,A101,A122,A141,A152,A172,1,A191,False,male,0,1
471,6,448.0,4,4,23,1,A11,A32,A46,A61,A72,A101,A122,A143,A152,A173,1,A191,False,female,1,1
342,18,3213.0,1,3,25,1,A12,A32,A43,A63,A72,A101,A121,A143,A151,A173,1,A191,False,male,0,1
416,12,2579.0,4,1,33,1,A11,A32,A40,A61,A72,A101,A121,A143,A152,A172,2,A191,False,male,1,1
711,6,1198.0,4,4,35,1,A11,A31,A46,A61,A75,A101,A124,A143,A153,A173,1,A191,False,female,1,1
557,21,5003.0,1,4,29,2,A14,A30,A40,A65,A73,A101,A122,A141,A152,A173,1,A192,False,female,1,0
50,24,2333.0,4,2,29,1,A12,A33,A42,A65,A72,A101,A122,A141,A152,A172,1,A191,False,male,0,1
162,15,1262.0,4,3,36,2,A14,A32,A44,A63,A74,A101,A122,A143,A152,A173,1,A192,False,male,0,0
765,12,1155.0,3,3,40,2,A12,A32,A43,A61,A75,A103,A121,A141,A152,A172,1,A191,False,male,0,0
856,10,894.0,4,3,40,1,A14,A32,A48,A65,A74,A101,A122,A143,A152,A173,1,A192,False,female,0,0
867,12,3331.0,2,4,42,1,A14,A34,A42,A61,A75,A101,A122,A142,A152,A173,1,A191,False,male,0,0
524,18,1113.0,4,4,26,1,A12,A32,A43,A61,A73,A103,A121,A143,A152,A172,2,A191,False,female,0,1
443,12,719.0,4,4,41,1,A14,A32,A46,A61,A75,A101,A123,A141,A152,A172,2,A191,False,male,1,0
172,24,2064.0,3,2,34,1,A12,A33,A42,A61,A71,A101,A122,A143,A152,A174,1,A192,False,female,1,1
956,30,3656.0,4,4,49,2,A13,A34,A43,A65,A75,A101,A122,A142,A152,A172,1,A191,False,male,0,0
330,24,6615.0,2,4,75,2,A11,A34,A41,A61,A71,A101,A124,A143,A153,A174,1,A192,False,male,0,1
352,18,3229.0,2,4,38,1,A14,A34,A41,A65,A71,A101,A124,A143,A152,A174,1,A192,False,male,0,0
857,15,3343.0,4,2,28,1,A14,A34,A42,A61,A73,A101,A124,A143,A153,A173,1,A192,False,male,0,0
766,30,3108.0,2,4,31,1,A11,A32,A42,A61,A72,A101,A122,A143,A152,A172,1,A191,False,male,1,1
39,9,458.0,4,3,24,1,A12,A32,A43,A61,A73,A101,A121,A143,A152,A173,1,A191,False,male,0,1
852,15,1471.0,4,4,35,2,A14,A34,A43,A61,A73,A101,A124,A143,A153,A173,1,A192,False,male,0,0
875,11,1322.0,4,4,40,2,A12,A34,A40,A64,A73,A101,A123,A143,A152,A173,1,A191,False,female,0,0
156,9,1288.0,3,4,48,2,A11,A34,A45,A62,A75,A103,A121,A143,A152,A173,2,A191,True,male,0,0
222,12,707.0,4,2,30,2,A14,A32,A43,A61,A73,A101,A121,A141,A152,A173,1,A191,False,male,0,0
641,15,1308.0,4,4,38,2,A12,A32,A45,A61,A75,A101,A123,A143,A152,A172,1,A191,False,male,0,1
210,9,3074.0,1,2,33,2,A14,A34,A43,A65,A73,A101,A121,A143,A152,A173,2,A191,False,male,0,0
746,15,2511.0,1,4,23,1,A11,A32,A40,A61,A71,A101,A123,A143,A151,A173,1,A191,False,female,0,1
960,6,1740.0,2,2,30,2,A14,A34,A43,A61,A75,A101,A121,A143,A151,A173,1,A191,False,male,0,0
700,12,1123.0,4,4,29,1,A14,A32,A42,A63,A73,A101,A123,A143,A151,A172,1,A191,False,female,1,0
167,11,1577.0,4,1,20,1,A12,A32,A42,A64,A72,A101,A121,A143,A152,A173,1,A191,False,female,0,0
998,45,1845.0,4,4,23,1,A11,A32,A43,A61,A73,A101,A124,A143,A153,A173,1,A192,False,male,1,1
984,24,2028.0,2,2,30,2,A14,A34,A42,A61,A74,A101,A122,A143,A152,A172,1,A191,False,male,0,0
491,27,8318.0,2,4,42,2,A12,A30,A49,A61,A75,A101,A124,A143,A153,A174,1,A192,False,female,1,1
10,12,1295.0,3,1,25,1,A12,A32,A40,A61,A72,A101,A123,A143,A151,A173,1,A191,False,female,1,1
105,24,11938.0,2,3,39,2,A12,A34,A410,A61,A73,A102,A123,A143,A152,A174,2,A192,False,male,1,0
68,36,1819.0,4,4,37,1,A14,A32,A46,A61,A73,A101,A124,A142,A153,A173,1,A192,False,male,1,1
479,15,1478.0,4,4,44,2,A11,A34,A42,A61,A75,A101,A123,A143,A152,A173,2,A192,False,male,0,0
399,24,1516.0,4,1,43,2,A14,A34,A43,A64,A73,A101,A121,A143,A152,A172,1,A191,False,female,0,0
434,9,2136.0,3,2,25,1,A11,A32,A42,A61,A73,A101,A121,A143,A152,A173,1,A191,False,male,0,1
258,15,3812.0,1,4,23,1,A14,A32,A41,A62,A72,A101,A123,A143,A152,A173,1,A192,False,female,0,0
827,18,4165.0,2,2,36,2,A14,A30,A49,A61,A73,A101,A123,A142,A152,A173,2,A191,False,male,1,0
884,24,4057.0,3,3,43,1,A12,A32,A42,A61,A74,A101,A123,A143,A152,A173,1,A192,False,male,1,1
304,48,10127.0,2,2,44,1,A14,A34,A40,A63,A73,A101,A124,A141,A153,A173,1,A191,False,male,1,0
811,6,484.0,3,3,28,1,A12,A32,A43,A61,A74,A103,A121,A141,A152,A172,1,A191,False,male,0,0
938,60,6288.0,4,4,42,1,A12,A32,A46,A61,A73,A101,A124,A143,A153,A173,1,A191,False,male,1,1
924,24,6872.0,2,1,55,1,A11,A31,A42,A61,A72,A101,A122,A141,A152,A173,1,A192,False,male,1,1
526,15,1532.0,4,3,31,1,A14,A34,A46,A62,A73,A101,A123,A143,A152,A173,1,A191,False,female,0,0
20,9,2134.0,4,4,48,3,A14,A34,A40,A61,A73,A101,A123,A143,A152,A173,1,A192,False,male,0,0
905,12,1107.0,2,2,20,1,A11,A32,A43,A61,A73,A101,A121,A143,A151,A174,2,A192,False,male,0,1
380,20,2212.0,4,4,39,1,A11,A32,A42,A65,A74,A101,A123,A143,A152,A173,1,A192,False,male,0,0
420,15,3186.0,2,3,20,1,A14,A32,A40,A64,A74,A101,A123,A143,A151,A173,1,A191,False,female,0,0
285,47,10722.0,1,1,35,1,A11,A32,A40,A61,A72,A101,A121,A143,A152,A172,1,A192,False,female,0,1
71,7,730.0,4,2,46,2,A14,A34,A43,A65,A75,A101,A122,A143,A151,A172,1,A192,False,male,0,0
49,12,2073.0,4,2,28,1,A14,A32,A43,A62,A73,A102,A121,A143,A152,A173,1,A191,False,female,0,0
179,21,571.0,4,4,65,2,A11,A34,A40,A61,A75,A101,A121,A143,A152,A173,1,A191,False,male,0,0
506,15,2360.0,2,2,36,1,A13,A34,A41,A63,A73,A101,A123,A143,A152,A173,1,A192,False,male,0,0
929,12,1344.0,4,2,43,2,A11,A33,A40,A61,A73,A101,A121,A143,A152,A172,2,A191,False,male,0,1
116,42,7174.0,4,3,30,1,A11,A32,A43,A65,A74,A101,A123,A143,A152,A174,1,A192,False,female,1,0
293,42,4796.0,4,4,56,1,A13,A34,A41,A61,A75,A101,A124,A143,A153,A173,1,A191,False,male,0,0
76,42,3965.0,4,3,34,1,A11,A32,A43,A61,A72,A101,A123,A143,A152,A173,1,A191,False,male,1,1
48,11,7228.0,1,4,39,2,A14,A34,A40,A61,A73,A101,A122,A143,A152,A172,1,A191,False,male,0,0
503,24,1216.0,4,4,38,2,A12,A34,A43,A62,A72,A101,A124,A141,A152,A173,2,A191,False,male,1,1
263,12,2748.0,2,4,57,3,A14,A34,A46,A61,A75,A101,A124,A141,A153,A172,1,A191,False,female,0,0
808,42,9283.0,1,2,55,1,A12,A31,A41,A61,A71,A101,A124,A141,A153,A174,1,A192,False,male,0,1
863,27,4526.0,4,2,32,2,A14,A34,A42,A64,A72,A101,A121,A142,A152,A172,2,A192,False,male,0,0
748,21,5248.0,1,3,26,1,A14,A32,A41,A65,A73,A101,A123,A143,A152,A173,1,A191,False,male,0,0
64,24,3181.0,4,4,26,1,A14,A32,A43,A61,A72,A101,A122,A143,A152,A173,1,A192,False,female,0,0
798,24,717.0,4,4,54,2,A14,A33,A40,A65,A75,A101,A123,A143,A152,A173,1,A192,False,male,0,0
52,12,1262.0,3,2,25,1,A14,A32,A43,A61,A73,A101,A123,A143,A152,A173,1,A191,False,male,0,0
440,12,1884.0,4,4,39,1,A14,A32,A40,A61,A75,A101,A123,A143,A152,A174,1,A192,False,male,0,0
124,18,1924.0,4,3,27,1,A12,A32,A42,A65,A72,A101,A121,A143,A151,A173,1,A191,False,female,1,1
650,48,7476.0,4,1,50,1,A11,A32,A46,A61,A74,A101,A124,A143,A153,A174,1,A192,False,male,0,1
409,12,939.0,4,2,28,3,A13,A34,A40,A63,A74,A101,A121,A143,A152,A173,1,A192,False,male,1,0
752,12,841.0,2,4,23,1,A12,A32,A49,A62,A74,A101,A121,A143,A151,A172,1,A191,False,female,0,1
952,24,4113.0,3,4,28,1,A12,A32,A41,A63,A72,A101,A123,A143,A151,A173,1,A191,False,female,1,1
477,24,5152.0,4,2,25,1,A13,A32,A43,A61,A74,A101,A123,A141,A152,A173,1,A191,False,male,0,1
118,33,4281.0,1,4,23,2,A11,A34,A42,A63,A73,A101,A123,A143,A152,A173,1,A191,False,female,1,0
12,12,1567.0,1,1,22,1,A12,A32,A43,A61,A73,A101,A123,A143,A152,A173,1,A192,False,female,0,0
157,12,339.0,4,1,45,1,A11,A31,A48,A61,A75,A101,A123,A141,A152,A172,1,A191,False,male,0,1
337,15,1275.0,4,2,24,1,A11,A32,A44,A65,A73,A101,A123,A143,A151,A173,1,A191,False,female,1,1
127,12,639.0,4,2,30,1,A12,A32,A45,A61,A73,A101,A123,A143,A152,A173,1,A191,False,male,1,1
46,36,2299.0,4,4,39,1,A14,A32,A43,A63,A75,A101,A123,A143,A152,A173,1,A191,False,male,0,0
235,24,1823.0,4,2,30,1,A11,A32,A43,A61,A71,A101,A123,A142,A152,A174,2,A191,False,male,1,1
538,48,7763.0,4,4,42,1,A11,A32,A40,A61,A75,A101,A124,A141,A153,A174,1,A191,False,male,1,1
241,6,1595.0,3,2,51,1,A14,A32,A43,A61,A74,A101,A122,A143,A152,A173,2,A191,False,male,0,0
590,12,385.0,4,3,58,4,A11,A34,A43,A61,A74,A101,A121,A143,A152,A172,1,A192,False,female,0,0
358,12,776.0,4,2,28,1,A14,A32,A43,A61,A73,A101,A121,A143,A152,A173,1,A191,False,male,0,0
959,24,3069.0,4,4,30,1,A12,A32,A42,A62,A75,A101,A124,A143,A153,A173,1,A191,False,male,0,1
848,9,1364.0,3,4,59,1,A11,A32,A43,A61,A74,A101,A121,A143,A152,A173,1,A191,False,male,0,0
792,6,1221.0,1,2,27,2,A14,A34,A42,A65,A73,A101,A122,A143,A152,A173,1,A191,False,male,0,0
325,8,3398.0,1,4,39,2,A11,A34,A40,A61,A74,A101,A121,A143,A152,A172,1,A191,True,male,0,0
899,18,4153.0,2,3,42,1,A11,A32,A42,A61,A73,A102,A123,A143,A152,A173,1,A191,False,male,1,1
809,15,1778.0,2,1,26,2,A12,A30,A40,A61,A72,A101,A121,A143,A151,A171,1,A191,False,female,1,1
350,9,1236.0,1,4,23,1,A14,A32,A44,A61,A72,A101,A121,A143,A151,A173,1,A192,False,female,0,0
363,6,1766.0,1,2,21,1,A14,A32,A42,A61,A73,A101,A122,A143,A151,A173,1,A191,False,male,0,0
17,30,8072.0,2,3,25,3,A11,A30,A49,A65,A72,A101,A123,A141,A152,A173,1,A191,False,male,0,1
186,9,5129.0,2,4,74,1,A12,A31,A41,A61,A75,A101,A124,A141,A153,A174,2,A192,False,female,1,1
402,24,8648.0,2,2,27,2,A14,A33,A49,A61,A72,A101,A123,A141,A152,A173,1,A192,False,male,1,0
338,24,4169.0,4,4,28,1,A11,A32,A42,A61,A73,A101,A122,A143,A152,A173,1,A191,False,male,0,1
206,12,1935.0,4,4,43,3,A14,A34,A42,A61,A75,A101,A121,A143,A152,A173,1,A192,False,male,0,0
963,24,2397.0,3,2,35,2,A14,A32,A43,A63,A75,A101,A123,A141,A152,A173,1,A192,False,male,1,0
345,15,1459.0,4,2,43,1,A14,A34,A43,A61,A73,A101,A123,A143,A152,A172,1,A191,False,female,0,0
313,12,685.0,2,3,25,1,A12,A32,A40,A61,A74,A101,A123,A141,A152,A172,1,A191,False,male,1,1
242,48,4605.0,3,4,24,2,A11,A30,A41,A61,A75,A101,A124,A143,A153,A173,2,A191,False,male,1,1
913,11,2142.0,1,2,28,1,A14,A32,A49,A64,A75,A101,A121,A143,A152,A173,1,A192,False,male,0,0
170,15,950.0,4,3,33,2,A11,A30,A40,A61,A75,A101,A123,A143,A151,A173,2,A191,False,male,1,1
187,16,1175.0,2,3,68,3,A12,A34,A40,A61,A71,A101,A123,A143,A153,A171,1,A192,False,male,0,1
934,12,1498.0,4,1,23,1,A11,A32,A43,A61,A73,A101,A123,A141,A152,A173,1,A191,False,female,0,1
133,18,1984.0,4,4,47,2,A14,A32,A42,A61,A73,A101,A124,A141,A153,A173,1,A191,False,male,0,1
301,36,3804.0,4,1,42,1,A12,A30,A43,A61,A73,A101,A123,A143,A152,A173,1,A192,False,female,1,1
731,24,1987.0,2,4,21,1,A11,A32,A43,A61,A73,A101,A121,A143,A151,A172,2,A191,False,male,1,1
670,24,4139.0,3,3,27,2,A14,A34,A49,A62,A73,A101,A122,A143,A152,A172,1,A192,False,male,0,0
318,12,701.0,4,2,32,2,A14,A34,A46,A61,A73,A101,A123,A143,A152,A173,1,A191,False,male,0,0
78,54,9436.0,2,2,39,1,A14,A30,A41,A65,A73,A101,A122,A143,A152,A172,2,A191,False,male,0,0
521,18,3190.0,2,2,24,1,A11,A32,A43,A61,A73,A101,A121,A143,A152,A173,1,A191,False,female,1,1
346,13,882.0,4,4,23,2,A12,A34,A43,A61,A72,A103,A121,A143,A152,A173,1,A191,False,male,0,0
198,24,2760.0,4,4,36,1,A12,A32,A41,A65,A75,A101,A124,A141,A153,A173,1,A192,False,male,0,1
865,15,2221.0,2,4,20,1,A14,A32,A42,A63,A73,A101,A123,A143,A151,A173,1,A191,False,female,0,0
548,12,626.0,4,4,24,1,A11,A31,A43,A61,A73,A101,A121,A141,A152,A172,1,A191,False,female,1,1
915,48,18424.0,1,2,32,1,A12,A30,A410,A61,A73,A101,A122,A141,A152,A174,1,A192,True,female,1,1
588,18,1217.0,4,3,47,1,A11,A32,A44,A61,A73,A101,A121,A143,A152,A172,1,A192,False,male,1,1
447,7,2576.0,2,2,35,1,A12,A32,A43,A61,A73,A103,A121,A143,A152,A173,1,A191,False,male,0,0
21,6,2647.0,2,3,44,1,A11,A32,A43,A63,A73,A101,A121,A143,A151,A173,2,A191,False,male,0,1
724,27,2570.0,3,3,21,1,A14,A32,A40,A61,A73,A101,A121,A143,A151,A173,1,A191,False,female,1,0
718,24,3148.0,3,2,31,2,A13,A34,A43,A65,A73,A101,A123,A143,A152,A173,1,A192,False,male,0,0
250,6,666.0,3,4,39,2,A11,A34,A40,A64,A74,A101,A121,A143,A152,A172,1,A192,False,female,0,0
243,12,1185.0,3,2,27,2,A14,A34,A49,A61,A73,A101,A121,A143,A152,A173,1,A191,False,female,0,0
571,30,5954.0,3,2,38,1,A14,A34,A43,A61,A74,A102,A123,A143,A152,A173,1,A191,False,male,0,0
35,45,4746.0,4,2,25,2,A12,A34,A43,A61,A72,A101,A122,A143,A152,A172,1,A191,False,male,1,1
81,15,1213.0,4,3,47,1,A14,A32,A43,A63,A75,A101,A122,A142,A152,A173,1,A192,False,male,0,0
159,6,1898.0,1,2,34,2,A14,A34,A43,A65,A73,A101,A121,A143,A152,A172,2,A191,False,male,0,0
333,48,11590.0,2,4,24,2,A14,A34,A41,A62,A73,A101,A123,A141,A151,A172,1,A191,False,female,1,0
837,4,601.0,1,3,23,1,A14,A32,A42,A61,A72,A101,A121,A143,A151,A172,2,A191,False,female,0,0
474,18,1245.0,4,2,33,1,A12,A34,A43,A61,A73,A101,A123,A143,A152,A173,1,A191,False,male,1,1
671,36,5742.0,2,2,31,2,A14,A32,A49,A62,A74,A101,A123,A143,A152,A173,1,A192,False,male,0,0
109,14,1410.0,1,2,35,1,A12,A32,A49,A63,A75,A101,A121,A143,A152,A173,1,A192,False,male,0,0
661,12,900.0,4,2,23,1,A11,A32,A40,A65,A73,A101,A123,A143,A152,A173,1,A191,False,male,1,1
379,6,362.0,4,4,52,2,A14,A34,A40,A62,A73,A101,A123,A143,A152,A172,1,A191,False,female,0,0
625,15,1979.0,4,2,35,1,A14,A32,A43,A65,A75,A101,A123,A143,A152,A173,1,A191,False,male,0,0
603,36,3349.0,4,2,28,1,A14,A32,A42,A61,A73,A101,A123,A143,A152,A174,1,A192,False,female,1,0
92,12,797.0,4,3,33,1,A14,A34,A43,A65,A75,A101,A122,A141,A152,A172,2,A191,False,female,1,0
451,6,518.0,3,1,29,1,A14,A32,A43,A61,A73,A101,A121,A143,A152,A173,1,A191,False,female,0,0
652,24,2303.0,4,1,45,1,A11,A32,A40,A61,A75,A102,A121,A143,A152,A173,1,A191,False,male,1,1
822,36,2712.0,2,2,41,1,A11,A32,A42,A61,A75,A101,A122,A141,A152,A173,2,A191,False,male,1,1
855,24,1474.0,4,3,33,1,A14,A32,A40,A62,A72,A101,A121,A143,A152,A173,1,A192,False,male,0,0
390,18,1820.0,2,2,30,1,A14,A32,A40,A61,A73,A101,A122,A143,A152,A174,1,A192,False,male,0,0
577,24,1927.0,3,2,33,2,A14,A34,A46,A65,A73,A101,A123,A143,A152,A173,1,A192,False,female,0,0
985,15,1433.0,4,3,25,2,A11,A34,A42,A61,A73,A101,A122,A143,A151,A173,1,A191,False,female,0,1
422,12,958.0,2,3,47,2,A12,A34,A40,A61,A74,A101,A121,A143,A152,A172,2,A191,False,male,0,0
211,36,3835.0,2,4,45,1,A14,A32,A43,A65,A75,A101,A121,A143,A152,A172,1,A192,False,female,0,0
171,12,763.0,4,1,26,1,A14,A32,A42,A61,A73,A101,A121,A143,A152,A173,1,A192,False,female,0,0
165,6,2978.0,1,2,32,1,A14,A32,A42,A63,A73,A101,A123,A143,A152,A173,1,A192,False,male,0,0
238,12,1291.0,4,2,35,2,A14,A34,A43,A61,A73,A101,A122,A143,A152,A173,1,A191,False,female,0,0
188,12,674.0,4,1,20,1,A11,A32,A43,A62,A74,A101,A122,A143,A152,A173,1,A191,False,male,1,1
685,60,6527.0,4,4,34,1,A14,A32,A40,A65,A73,A101,A124,A143,A153,A173,2,A192,False,male,0,0
803,12,976.0,4,4,35,2,A14,A34,A43,A65,A75,A101,A123,A143,A152,A173,1,A191,False,male,0,0
344,10,3949.0,1,1,37,1,A13,A32,A40,A61,A72,A103,A122,A143,A152,A172,2,A191,False,male,0,1
741,10,1048.0,4,4,23,1,A12,A31,A43,A61,A73,A101,A121,A142,A152,A172,1,A191,False,male,0,1
453,24,2670.0,4,4,35,1,A14,A32,A41,A61,A75,A101,A123,A143,A152,A174,1,A192,False,male,0,0
646,30,4583.0,2,2,32,2,A11,A30,A42,A61,A73,A103,A121,A143,A152,A173,1,A191,False,male,0,1
830,24,2375.0,4,2,44,2,A14,A33,A49,A63,A73,A101,A123,A143,A152,A173,2,A192,False,male,0,0
155,12,1282.0,2,4,20,1,A11,A32,A42,A61,A73,A101,A123,A143,A151,A173,1,A191,False,female,1,1
487,24,3757.0,4,4,62,1,A14,A32,A40,A61,A75,A102,A124,A143,A153,A173,1,A192,False,female,0,1
597,24,4241.0,1,4,36,3,A12,A30,A49,A61,A73,A101,A121,A143,A152,A172,1,A192,False,male,1,0
988,24,6579.0,4,2,29,1,A11,A32,A41,A61,A71,A101,A124,A143,A153,A174,1,A192,False,male,0,1
125,12,2121.0,4,2,30,2,A11,A34,A40,A61,A73,A101,A122,A143,A152,A173,1,A191,False,male,0,1
66,12,2171.0,2,2,29,1,A14,A32,A43,A61,A72,A101,A123,A141,A152,A173,1,A191,False,female,0,0
908,15,3594.0,1,2,46,2,A14,A33,A41,A61,A72,A101,A122,A143,A152,A172,1,A191,False,female,0,0
511,36,4686.0,2,2,32,1,A14,A32,A41,A61,A73,A101,A124,A143,A153,A174,1,A192,False,male,0,0
224,15,4657.0,3,2,30,1,A14,A32,A41,A61,A73,A101,A123,A143,A152,A173,1,A192,False,male,0,0
268,14,8978.0,1,4,45,1,A11,A32,A40,A61,A75,A101,A122,A143,A152,A174,1,A192,True,male,1,1
161,18,1055.0,4,1,30,2,A14,A34,A40,A61,A72,A101,A122,A143,A152,A173,1,A191,False,female,0,0
813,48,3051.0,3,4,54,1,A11,A32,A44,A61,A73,A101,A123,A143,A152,A173,1,A191,False,male,1,1
618,30,3441.0,2,4,21,1,A12,A32,A42,A62,A73,A102,A123,A143,A151,A173,1,A191,False,female,1,1
676,24,5150.0,4,4,33,1,A14,A34,A42,A61,A75,A101,A123,A143,A152,A173,1,A192,False,male,0,0
178,12,1963.0,4,2,31,2,A14,A32,A43,A61,A74,A101,A123,A143,A151,A174,2,A192,False,male,0,0
950,18,3590.0,3,3,40,3,A12,A34,A49,A61,A71,A101,A123,A143,A152,A171,2,A192,False,male,0,0
415,36,5842.0,2,2,35,2,A14,A34,A41,A61,A75,A101,A122,A143,A152,A173,2,A192,False,male,0,0
100,24,1469.0,4,4,41,1,A14,A32,A40,A62,A75,A101,A121,A143,A151,A172,1,A191,False,male,0,0
733,24,2603.0,2,4,28,1,A14,A32,A41,A64,A73,A101,A123,A143,A151,A173,1,A192,False,female,0,0
689,12,3651.0,1,3,31,1,A11,A32,A40,A64,A73,A101,A122,A143,A152,A173,2,A191,False,male,0,1
229,24,3149.0,4,1,22,1,A11,A32,A42,A61,A72,A101,A124,A141,A153,A173,1,A191,False,male,0,1
334,24,4110.0,3,4,23,2,A11,A30,A42,A61,A75,A101,A124,A141,A151,A173,2,A191,False,male,1,1
627,9,1437.0,2,3,29,1,A12,A31,A40,A62,A74,A101,A124,A143,A152,A173,1,A191,False,male,1,1
702,24,1377.0,4,2,47,1,A13,A32,A43,A62,A75,A101,A124,A143,A153,A173,1,A192,False,female,0,0
878,9,1422.0,3,2,27,1,A11,A32,A40,A61,A72,A101,A124,A143,A153,A174,1,A192,False,male,1,1
482,30,3622.0,4,4,57,2,A11,A32,A42,A64,A75,A101,A122,A143,A151,A173,1,A192,False,female,0,1
919,24,3345.0,4,2,39,1,A11,A32,A42,A61,A75,A101,A122,A143,A151,A174,1,A192,False,male,1,1
220,12,625.0,4,1,26,1,A12,A32,A43,A61,A72,A103,A121,A141,A152,A172,1,A191,False,male,0,1
391,12,983.0,1,4,19,1,A12,A32,A42,A64,A72,A101,A121,A143,A151,A172,1,A191,False,female,0,1
912,30,2991.0,2,4,25,1,A12,A32,A43,A65,A75,A101,A123,A143,A152,A173,1,A191,False,female,0,0
427,18,1149.0,4,3,46,2,A14,A34,A43,A64,A73,A101,A121,A143,A152,A173,1,A191,False,male,0,0
309,9,276.0,4,4,22,1,A12,A32,A40,A61,A73,A101,A121,A143,A151,A172,1,A191,False,male,0,1
775,24,1371.0,4,4,25,1,A11,A32,A40,A65,A73,A101,A121,A143,A151,A173,1,A191,False,female,1,1
885,12,795.0,4,4,53,1,A11,A32,A46,A61,A72,A101,A122,A143,A152,A173,1,A191,False,female,1,1
15,24,1282.0,4,2,32,1,A11,A32,A43,A62,A73,A101,A123,A143,A152,A172,1,A191,False,female,1,1
493,6,368.0,4,4,38,1,A12,A32,A43,A65,A75,A101,A122,A143,A152,A173,1,A191,False,male,0,0
245,24,1258.0,4,1,25,1,A14,A32,A49,A61,A74,A101,A121,A143,A152,A173,1,A192,False,male,0,0
898,15,2186.0,1,4,33,1,A14,A32,A42,A65,A74,A101,A121,A141,A151,A172,1,A191,False,female,0,0
6,24,2835.0,3,4,53,1,A14,A32,A42,A63,A75,A101,A122,A143,A152,A173,1,A191,False,male,0,0
613,24,3632.0,1,4,22,1,A11,A31,A41,A61,A73,A103,A123,A141,A151,A173,1,A191,True,female,0,1
533,24,1311.0,4,3,26,1,A14,A32,A43,A62,A74,A101,A122,A143,A152,A173,1,A192,False,male,0,0
397,36,2348.0,3,2,46,2,A11,A34,A42,A61,A73,A101,A122,A143,A152,A173,1,A192,False,male,0,1
721,6,433.0,4,2,24,1,A12,A31,A46,A64,A72,A101,A122,A141,A151,A173,2,A191,False,female,1,1
858,15,3959.0,3,2,29,1,A11,A32,A40,A61,A73,A101,A122,A143,A152,A173,1,A192,False,female,1,1
691,15,2631.0,3,2,25,1,A12,A32,A45,A62,A73,A101,A121,A143,A152,A172,1,A191,False,female,0,0
104,12,2445.0,2,4,26,1,A14,A32,A41,A65,A72,A101,A123,A143,A151,A173,1,A192,False,male,0,0
303,10,1038.0,4,3,49,2,A11,A34,A40,A61,A74,A102,A122,A143,A152,A173,1,A192,False,male,0,1
549,48,8858.0,2,1,35,2,A14,A34,A41,A65,A74,A101,A124,A143,A153,A173,1,A192,False,male,0,0
729,24,1275.0,2,4,36,2,A13,A34,A49,A64,A73,A101,A121,A143,A152,A173,1,A192,False,male,0,0
208,24,6568.0,2,2,21,1,A11,A32,A49,A61,A73,A101,A123,A142,A152,A172,1,A191,False,male,0,1
302,24,1344.0,4,2,37,2,A13,A34,A40,A65,A74,A101,A121,A141,A152,A172,2,A191,False,male,1,0
51,27,5965.0,1,2,30,2,A12,A33,A41,A61,A75,A101,A123,A143,A152,A174,1,A192,False,male,0,0
90,12,618.0,4,4,56,1,A14,A34,A43,A61,A75,A101,A121,A143,A152,A173,1,A191,False,male,0,0
354,10,727.0,4,4,46,1,A14,A32,A46,A63,A75,A101,A124,A143,A153,A173,1,A192,False,male,0,0
632,15,1444.0,4,1,23,1,A12,A32,A43,A65,A72,A101,A122,A143,A152,A173,1,A191,False,male,0,0
460,36,3620.0,1,2,37,1,A11,A32,A42,A61,A73,A103,A122,A143,A152,A173,2,A191,False,male,0,1
22,10,2241.0,1,3,48,2,A11,A34,A40,A61,A72,A101,A121,A143,A151,A172,2,A191,True,male,0,1
374,60,14782.0,3,4,60,2,A12,A31,A410,A62,A75,A101,A124,A141,A153,A174,1,A192,False,female,1,1
546,24,2022.0,4,4,37,1,A14,A34,A40,A61,A73,A101,A123,A143,A152,A173,1,A192,False,female,0,0
439,12,609.0,4,1,26,1,A13,A31,A49,A61,A72,A101,A121,A143,A152,A171,1,A191,False,female,1,1
218,24,3021.0,2,2,24,1,A11,A32,A42,A61,A73,A101,A121,A143,A151,A172,1,A191,False,male,0,1
737,18,4380.0,3,4,35,1,A11,A32,A40,A62,A73,A101,A123,A143,A152,A172,2,A192,False,male,0,1
505,10,1309.0,4,4,27,1,A14,A32,A40,A65,A73,A103,A122,A143,A152,A172,1,A191,False,male,1,0
605,24,2828.0,4,4,22,1,A11,A31,A42,A63,A73,A101,A121,A142,A152,A173,1,A192,False,male,0,1
801,18,1795.0,3,4,48,2,A12,A34,A43,A61,A75,A103,A121,A141,A151,A172,1,A192,False,female,0,0
948,18,1533.0,4,1,43,1,A14,A32,A42,A61,A72,A102,A122,A143,A152,A172,2,A191,False,male,1,1
683,24,5103.0,3,3,47,3,A14,A34,A43,A61,A72,A101,A124,A143,A153,A173,1,A192,False,male,0,0
205,30,10623.0,3,4,38,3,A11,A34,A41,A61,A75,A101,A124,A143,A153,A174,2,A192,False,male,0,1
647,12,1386.0,2,2,26,1,A14,A32,A40,A63,A73,A101,A122,A143,A152,A173,1,A191,False,female,1,0
190,24,4591.0,2,3,54,3,A14,A32,A49,A64,A73,A101,A122,A143,A152,A174,1,A192,False,male,1,0
361,12,3399.0,2,3,37,1,A13,A32,A43,A65,A75,A101,A123,A143,A152,A174,1,A191,False,male,0,0
664,6,1047.0,2,4,50,1,A13,A34,A46,A61,A73,A101,A122,A143,A152,A172,1,A191,False,female,0,0
375,48,7685.0,2,4,37,1,A11,A31,A49,A61,A74,A103,A123,A143,A151,A173,1,A191,False,female,1,1
631,18,1553.0,4,3,44,1,A11,A31,A42,A61,A73,A101,A123,A141,A152,A173,1,A191,False,male,1,1
185,15,1360.0,4,2,31,2,A14,A34,A43,A61,A73,A101,A122,A143,A152,A173,1,A191,False,male,0,0
732,8,760.0,4,2,44,1,A12,A32,A43,A61,A74,A103,A121,A143,A152,A172,1,A191,False,female,0,0
404,18,2899.0,4,4,43,1,A12,A33,A40,A65,A75,A101,A123,A143,A152,A173,2,A191,False,male,0,1
194,45,3031.0,4,4,21,1,A12,A32,A43,A62,A73,A103,A122,A143,A151,A173,1,A191,False,male,1,1
564,24,4712.0,4,2,37,2,A12,A33,A49,A65,A73,A101,A122,A141,A152,A174,1,A192,False,male,0,1
401,18,1887.0,4,4,28,2,A12,A34,A49,A65,A73,A101,A121,A141,A152,A173,1,A191,False,male,0,0
530,36,2273.0,3,1,32,2,A12,A32,A46,A61,A74,A101,A123,A143,A152,A173,2,A191,False,male,0,1
656,12,888.0,4,4,41,1,A12,A32,A40,A61,A75,A101,A123,A141,A152,A172,2,A191,False,male,1,1
441,12,1620.0,2,3,30,1,A11,A32,A42,A61,A73,A102,A122,A143,A152,A173,1,A191,False,female,0,1
132,15,2708.0,2,3,27,2,A14,A32,A42,A61,A72,A101,A122,A141,A152,A172,1,A191,False,male,0,0
233,18,866.0,4,2,25,1,A12,A32,A43,A61,A73,A103,A121,A143,A152,A172,1,A191,False,male,0,1
173,8,1414.0,4,2,33,1,A12,A32,A43,A61,A73,A103,A121,A143,A152,A173,1,A191,True,male,0,0
428,9,1313.0,1,4,20,1,A14,A32,A42,A61,A75,A101,A123,A143,A152,A173,1,A191,False,male,0,0
567,24,2578.0,2,2,34,1,A14,A34,A43,A64,A75,A101,A123,A143,A152,A173,1,A191,False,male,0,0
967,15,3568.0,4,2,54,1,A14,A32,A43,A61,A75,A101,A123,A141,A151,A174,1,A192,False,female,0,0
758,24,1393.0,2,2,31,1,A14,A32,A40,A61,A73,A103,A121,A143,A152,A173,1,A192,False,male,0,0
626,6,2116.0,2,2,41,1,A13,A32,A42,A61,A73,A101,A121,A143,A152,A173,1,A192,False,male,0,0
96,12,2012.0,4,2,61,1,A14,A34,A46,A65,A74,A101,A123,A143,A152,A173,1,A191,False,female,0,0
781,24,1940.0,4,4,60,1,A14,A34,A40,A64,A75,A101,A121,A143,A152,A173,1,A192,False,male,0,0
499,6,1323.0,2,4,28,2,A13,A34,A40,A62,A75,A101,A123,A143,A152,A173,2,A192,False,male,0,0
74,36,1977.0,4,4,40,1,A11,A32,A46,A65,A75,A101,A124,A143,A152,A174,1,A192,False,male,1,1
89,12,1108.0,4,3,28,2,A11,A30,A45,A61,A74,A101,A121,A143,A152,A173,1,A191,False,male,1,1
609,15,1300.0,4,4,45,1,A14,A32,A41,A65,A75,A101,A124,A141,A153,A173,2,A191,False,male,0,0
0,6,1169.0,4,4,67,2,A11,A34,A43,A65,A75,A101,A121,A143,A152,A173,1,A192,False,male,0,0
392,36,3249.0,2,4,39,1,A11,A32,A40,A61,A74,A101,A124,A141,A153,A174,2,A192,False,male,0,1
476,39,2569.0,4,4,24,1,A14,A32,A41,A63,A73,A101,A123,A143,A152,A173,1,A191,False,male,0,0
799,9,1549.0,4,2,35,1,A12,A32,A40,A65,A72,A101,A121,A143,A152,A171,1,A191,False,male,0,0
519,6,700.0,4,4,36,2,A14,A34,A43,A65,A75,A101,A124,A143,A153,A173,1,A191,False,male,0,0
107,12,6078.0,2,2,32,1,A12,A32,A40,A61,A74,A101,A123,A143,A152,A173,1,A191,False,male,0,1
708,9,1206.0,4,4,25,1,A12,A32,A43,A61,A75,A101,A121,A143,A152,A173,1,A191,False,female,0,0
634,24,1355.0,3,4,25,1,A12,A32,A40,A61,A72,A101,A123,A143,A152,A172,1,A192,False,female,1,1
223,24,2978.0,4,4,32,2,A14,A33,A49,A65,A73,A101,A121,A143,A152,A173,2,A192,False,male,0,0
327,24,1525.0,4,3,34,1,A14,A32,A40,A64,A74,A101,A123,A143,A152,A173,2,A192,False,female,0,0
102,6,932.0,3,2,24,1,A14,A33,A43,A61,A73,A101,A121,A143,A152,A173,1,A191,False,female,0,0
704,27,2528.0,4,1,32,1,A12,A32,A49,A61,A72,A101,A122,A143,A152,A173,2,A192,False,female,0,1
475,18,3114.0,1,4,26,1,A11,A30,A42,A61,A72,A101,A122,A143,A151,A173,1,A191,False,female,1,1
213,30,1908.0,4,4,66,1,A13,A33,A49,A61,A75,A101,A121,A143,A152,A174,1,A192,False,male,1,0
135,12,1240.0,4,2,38,2,A14,A34,A43,A65,A75,A101,A121,A143,A152,A173,1,A192,False,female,0,0
246,12,717.0,4,4,52,3,A14,A34,A43,A61,A75,A101,A121,A143,A152,A173,1,A191,False,male,0,0
970,15,1514.0,4,2,22,1,A12,A32,A45,A62,A73,A103,A121,A143,A152,A173,1,A191,False,male,0,0
891,15,1829.0,4,4,46,2,A14,A34,A43,A61,A75,A101,A123,A143,A152,A173,1,A192,False,male,0,0
619,12,640.0,4,2,49,1,A14,A32,A40,A61,A73,A101,A121,A143,A152,A172,1,A191,False,male,0,0
815,36,7432.0,2,2,54,1,A12,A33,A40,A61,A73,A101,A122,A143,A151,A173,1,A191,False,female,0,1
365,12,1542.0,2,4,36,1,A14,A32,A49,A61,A74,A101,A123,A143,A152,A173,1,A192,False,male,0,0
812,36,9629.0,4,4,24,2,A11,A34,A41,A61,A74,A101,A123,A143,A152,A173,1,A192,False,male,1,0
26,6,426.0,4,4,39,1,A14,A30,A43,A61,A75,A101,A123,A143,A152,A172,1,A191,False,male,0,0
642,15,4623.0,3,2,40,1,A14,A32,A46,A62,A73,A101,A122,A143,A152,A174,1,A192,False,male,1,0
417,18,8471.0,1,2,23,2,A11,A33,A46,A65,A73,A101,A123,A143,A151,A173,1,A192,False,female,0,1
907,36,3711.0,2,2,27,1,A12,A32,A46,A65,A73,A101,A123,A143,A152,A173,1,A191,False,male,0,0
921,48,12749.0,4,1,37,1,A14,A33,A43,A63,A74,A101,A123,A143,A152,A174,1,A192,False,male,0,0
3,42,7882.0,2,4,45,1,A11,A32,A42,A61,A74,A103,A122,A143,A153,A173,2,A191,False,male,0,1
134,60,10144.0,2,4,21,1,A14,A32,A43,A62,A74,A101,A121,A143,A152,A173,1,A192,False,female,0,0
355,24,1246.0,4,2,23,1,A12,A32,A40,A61,A72,A101,A121,A142,A152,A172,1,A191,False,male,1,1
877,36,3595.0,4,2,28,1,A14,A32,A43,A61,A75,A101,A123,A143,A152,A173,1,A191,False,male,0,0
768,12,3617.0,1,4,28,3,A12,A34,A42,A61,A75,A101,A123,A143,A151,A173,1,A192,False,male,0,0
836,12,886.0,4,2,21,1,A14,A32,A43,A65,A73,A101,A123,A143,A152,A173,1,A191,False,female,0,0
561,24,1546.0,4,4,24,1,A11,A31,A43,A61,A74,A103,A123,A141,A151,A172,1,A191,False,male,1,1
892,12,2171.0,4,4,38,2,A11,A34,A40,A61,A73,A101,A122,A141,A152,A172,1,A191,True,male,0,1
225,36,2613.0,4,2,27,2,A14,A30,A45,A61,A73,A101,A123,A143,A152,A173,1,A191,False,male,0,0
820,12,1101.0,3,2,27,2,A14,A32,A40,A61,A73,A101,A121,A143,A152,A173,1,A192,False,male,0,0
369,18,3001.0,2,4,40,1,A12,A32,A42,A61,A74,A101,A121,A143,A151,A173,1,A191,False,female,0,1
681,12,2279.0,4,4,37,1,A14,A32,A43,A65,A73,A101,A124,A143,A153,A173,1,A192,False,male,0,0
339,10,1521.0,4,2,31,1,A12,A32,A42,A61,A73,A101,A123,A143,A152,A172,1,A191,False,male,0,1
419,18,1042.0,4,2,33,1,A12,A32,A40,A65,A73,A101,A122,A143,A152,A173,1,A191,False,female,1,1
829,48,6681.0,4,4,38,1,A12,A33,A49,A65,A73,A101,A124,A143,A153,A173,2,A192,False,male,0,1
951,36,2145.0,2,1,24,2,A11,A33,A49,A61,A74,A101,A123,A143,A152,A173,1,A192,False,male,1,1
454,24,4817.0,2,3,31,1,A11,A32,A40,A61,A74,A102,A122,A143,A152,A173,1,A192,False,male,1,1
63,48,14421.0,2,2,25,1,A12,A30,A49,A61,A73,A101,A123,A143,A152,A173,1,A192,False,male,1,1
759,12,691.0,4,3,35,2,A11,A34,A40,A61,A75,A101,A122,A143,A152,A173,1,A191,False,male,1,1
360,18,1239.0,4,4,61,1,A12,A32,A46,A65,A73,A101,A124,A143,A153,A173,1,A191,False,male,0,1
237,21,2767.0,4,2,61,2,A12,A32,A49,A62,A75,A101,A123,A141,A151,A172,1,A191,False,male,1,1
112,18,6260.0,3,3,28,1,A12,A32,A40,A61,A74,A101,A121,A143,A151,A172,1,A191,False,male,0,1
640,18,750.0,4,1,27,1,A11,A32,A46,A61,A71,A101,A121,A143,A152,A171,1,A191,False,female,1,1
532,12,1503.0,4,4,41,1,A14,A33,A41,A61,A73,A101,A121,A143,A151,A173,1,A191,False,male,0,0
126,12,701.0,4,2,40,1,A11,A32,A43,A61,A73,A101,A121,A143,A152,A172,1,A191,False,male,0,1
259,11,1154.0,4,4,57,3,A14,A34,A43,A62,A71,A101,A121,A143,A152,A172,1,A191,False,female,0,0
742,21,3160.0,4,3,41,1,A14,A32,A43,A65,A75,A101,A122,A143,A152,A173,1,A192,False,male,0,0
761,18,2124.0,4,4,24,2,A11,A34,A42,A61,A73,A101,A121,A143,A151,A173,1,A191,False,female,1,1
137,12,766.0,4,3,66,1,A12,A32,A43,A63,A73,A101,A121,A143,A152,A172,1,A191,False,male,1,0
7,36,6948.0,2,2,35,1,A12,A32,A41,A61,A73,A101,A123,A143,A151,A174,1,A192,False,male,0,1
502,9,1126.0,2,4,49,1,A13,A32,A43,A62,A75,A101,A121,A143,A152,A173,1,A191,False,male,0,0
831,18,1216.0,4,3,23,1,A11,A32,A40,A61,A72,A101,A123,A143,A151,A173,1,A192,False,female,1,1
762,12,2214.0,4,3,24,1,A11,A32,A43,A61,A73,A101,A122,A143,A152,A172,1,A191,False,male,0,1
851,24,4042.0,3,4,43,2,A14,A34,A41,A65,A74,A101,A122,A143,A152,A173,1,A192,False,male,0,0
407,15,1053.0,4,2,27,1,A11,A32,A43,A61,A72,A101,A121,A143,A152,A173,1,A191,True,male,0,1
692,24,2896.0,2,1,29,1,A12,A32,A43,A62,A72,A101,A123,A143,A152,A173,1,A191,False,male,0,0
353,12,6199.0,4,2,28,2,A11,A30,A43,A61,A73,A101,A122,A143,A151,A173,1,A192,False,male,1,1
153,24,7758.0,2,4,29,1,A12,A34,A41,A64,A75,A101,A124,A143,A151,A173,1,A191,False,female,0,0
566,12,1372.0,2,3,36,1,A11,A32,A40,A61,A74,A101,A123,A143,A152,A173,1,A191,False,male,1,1
542,30,6350.0,4,4,31,1,A11,A32,A42,A65,A75,A101,A122,A143,A152,A173,1,A191,False,male,1,1
343,18,4439.0,1,1,33,1,A12,A32,A49,A61,A75,A102,A121,A141,A152,A174,1,A192,False,male,0,1
887,48,15672.0,2,2,23,1,A12,A32,A49,A61,A73,A101,A123,A143,A152,A173,1,A192,False,male,1,1
997,12,804.0,4,4,38,1,A14,A32,A43,A61,A75,A101,A123,A143,A152,A173,1,A191,False,male,0,0
825,21,1602.0,4,3,30,2,A11,A34,A40,A61,A75,A101,A123,A143,A152,A173,1,A192,False,male,0,1
56,12,6468.0,2,1,52,1,A12,A32,A43,A65,A71,A101,A124,A143,A152,A174,1,A192,False,male,1,0
400,18,1473.0,3,4,39,1,A14,A32,A43,A61,A72,A101,A121,A143,A152,A173,1,A192,False,male,0,0
572,24,5433.0,2,4,26,1,A14,A32,A41,A65,A71,A101,A122,A143,A151,A174,1,A192,False,female,0,0
473,6,1238.0,4,4,36,1,A14,A32,A48,A65,A71,A101,A122,A143,A152,A174,2,A192,False,male,0,0
468,33,2764.0,2,2,26,2,A14,A33,A49,A61,A73,A101,A123,A143,A152,A173,1,A192,False,female,0,0
651,12,1922.0,4,2,37,1,A12,A32,A42,A61,A73,A101,A122,A143,A152,A172,1,A191,False,male,1,1
669,30,3017.0,4,4,47,1,A13,A34,A43,A61,A75,A101,A122,A143,A152,A173,1,A191,False,male,0,0
504,24,1207.0,4,4,24,1,A11,A32,A40,A61,A72,A101,A122,A143,A151,A173,1,A191,False,female,1,1
900,16,2625.0,2,4,43,1,A11,A34,A40,A61,A75,A103,A122,A141,A151,A173,1,A192,False,male,1,1
649,12,684.0,4,4,40,1,A11,A32,A46,A61,A73,A101,A123,A143,A151,A172,2,A191,False,male,1,1
931,9,1670.0,4,2,22,1,A12,A32,A43,A61,A72,A101,A123,A143,A152,A173,1,A192,False,female,1,1
300,6,672.0,1,4,54,1,A14,A32,A40,A61,A71,A101,A121,A143,A152,A171,1,A192,False,female,0,0
674,21,2580.0,4,2,41,1,A14,A33,A49,A63,A72,A101,A121,A141,A152,A172,2,A191,False,male,1,0
665,24,6314.0,4,2,27,2,A14,A34,A410,A61,A71,A102,A124,A141,A152,A174,1,A192,False,male,0,0
570,24,3234.0,4,4,23,1,A11,A32,A42,A61,A72,A101,A121,A143,A151,A172,1,A192,False,female,1,1
163,10,7308.0,2,4,70,1,A12,A32,A40,A61,A71,A101,A124,A141,A153,A174,1,A192,False,male,0,1
336,13,2101.0,2,4,23,1,A12,A32,A43,A61,A72,A103,A122,A143,A152,A172,1,A191,False,female,0,1
59,36,6229.0,4,4,23,2,A11,A34,A42,A61,A72,A102,A124,A143,A151,A172,1,A192,False,female,1,1
821,12,3016.0,3,1,24,1,A13,A32,A43,A61,A73,A101,A123,A143,A152,A173,1,A191,False,male,0,0
933,12,522.0,4,4,42,2,A14,A34,A43,A63,A75,A101,A122,A143,A152,A173,2,A192,False,male,0,0
490,12,1934.0,2,2,26,2,A14,A34,A43,A61,A75,A101,A124,A143,A152,A173,1,A191,False,male,0,0
787,48,2751.0,4,3,38,2,A14,A34,A41,A65,A75,A101,A123,A143,A152,A173,2,A192,False,male,0,0
449,15,1512.0,3,3,61,2,A12,A33,A45,A64,A73,A101,A122,A142,A152,A173,1,A191,False,male,1,1
703,30,2503.0,4,2,41,2,A12,A33,A49,A62,A75,A101,A122,A142,A152,A173,1,A191,False,male,0,1
437,24,1287.0,4,4,37,2,A14,A34,A40,A64,A75,A101,A121,A143,A152,A173,1,A192,False,female,0,0
563,36,12389.0,1,4,37,1,A12,A32,A40,A65,A73,A101,A124,A143,A153,A173,1,A192,False,male,1,1
720,9,1337.0,4,2,34,2,A13,A30,A43,A61,A72,A101,A123,A143,A152,A174,1,A192,False,male,1,1
890,27,2442.0,4,4,43,4,A11,A34,A49,A61,A75,A101,A123,A142,A152,A174,2,A192,False,male,0,1
219,10,1364.0,2,4,64,1,A14,A32,A40,A61,A73,A101,A123,A143,A152,A173,1,A192,False,female,0,0
678,24,2384.0,4,4,64,1,A11,A32,A43,A61,A75,A101,A121,A141,A151,A172,1,A191,False,male,0,1
586,9,2799.0,2,2,36,2,A11,A34,A40,A61,A73,A101,A121,A143,A151,A173,2,A191,False,male,0,1
282,18,1445.0,4,4,49,1,A13,A31,A43,A65,A74,A101,A123,A141,A152,A172,1,A191,False,male,0,0
348,6,1743.0,1,2,34,2,A14,A33,A49,A62,A73,A101,A121,A143,A152,A172,1,A191,False,male,0,0
686,10,1347.0,4,2,27,2,A13,A34,A43,A65,A74,A101,A122,A143,A152,A173,1,A192,False,male,0,0
4,24,4870.0,3,4,53,2,A11,A33,A40,A61,A73,A101,A124,A143,A153,A173,2,A191,False,male,1,1
995,12,1736.0,3,4,31,1,A14,A32,A42,A61,A74,A101,A121,A143,A152,A172,1,A191,False,female,0,0
463,12,754.0,4,4,38,2,A12,A32,A48,A65,A75,A101,A122,A143,A152,A173,1,A191,False,male,0,0
776,36,3535.0,4,4,37,2,A14,A34,A40,A61,A74,A101,A123,A143,A152,A173,1,A192,False,male,0,0
682,15,1478.0,4,3,33,2,A14,A33,A43,A61,A73,A101,A121,A141,A152,A173,1,A191,False,male,0,0
879,30,6742.0,2,3,36,2,A14,A34,A43,A65,A74,A101,A122,A143,A152,A173,1,A191,False,male,0,0
517,36,7127.0,2,4,23,2,A14,A34,A42,A61,A72,A101,A122,A143,A151,A173,1,A192,False,female,1,0
573,15,806.0,4,4,22,1,A11,A32,A49,A61,A73,A101,A122,A143,A152,A172,1,A191,False,female,0,1
793,24,2892.0,3,4,51,1,A13,A32,A42,A61,A75,A101,A124,A143,A153,A173,1,A191,False,male,0,1
893,36,5800.0,3,4,34,2,A12,A34,A41,A61,A73,A101,A123,A143,A152,A173,1,A192,False,male,0,0
534,24,3105.0,4,2,25,2,A14,A32,A43,A65,A72,A101,A123,A143,A152,A173,1,A191,False,male,0,0
903,15,1386.0,4,2,40,1,A14,A32,A43,A65,A73,A101,A121,A143,A151,A173,1,A192,False,male,0,0
276,18,2404.0,2,2,26,2,A14,A34,A43,A61,A73,A101,A123,A143,A152,A173,1,A191,False,female,0,0
284,24,3878.0,4,2,37,1,A12,A34,A40,A62,A72,A101,A123,A143,A152,A173,1,A192,False,male,0,0
470,24,3092.0,3,2,22,1,A12,A32,A43,A62,A72,A101,A123,A143,A151,A173,1,A192,False,male,1,1
426,28,2743.0,4,2,29,2,A14,A34,A43,A61,A75,A101,A123,A143,A152,A173,1,A191,False,male,0,0
281,12,1574.0,4,2,50,1,A14,A32,A42,A61,A73,A101,A121,A143,A152,A173,1,A191,False,male,0,0
120,21,1835.0,3,2,25,2,A11,A32,A43,A61,A73,A101,A121,A143,A152,A173,1,A192,False,female,1,0
593,24,2718.0,3,4,20,1,A12,A32,A40,A61,A73,A101,A122,A143,A151,A172,1,A192,False,female,1,1
981,48,4844.0,3,2,33,1,A14,A32,A49,A61,A71,A101,A123,A141,A151,A174,1,A192,False,male,1,1
13,24,1199.0,4,4,60,2,A11,A34,A40,A61,A75,A101,A123,A143,A152,A172,1,A191,False,male,1,1
655,14,3973.0,1,4,22,1,A11,A32,A40,A61,A71,A101,A124,A143,A153,A173,1,A191,False,male,0,1
455,24,2679.0,4,1,29,1,A14,A32,A41,A61,A72,A101,A124,A143,A152,A174,1,A192,False,female,0,0
584,12,2133.0,4,4,52,1,A14,A32,A40,A65,A75,A101,A124,A143,A153,A174,1,A192,False,female,0,0
955,24,1231.0,4,4,57,2,A11,A34,A43,A64,A75,A101,A122,A143,A151,A174,1,A192,False,female,0,0
160,24,2872.0,3,4,36,1,A14,A34,A43,A62,A75,A101,A121,A143,A152,A173,2,A192,False,male,0,0
977,18,2427.0,4,2,42,2,A12,A33,A49,A65,A75,A101,A122,A143,A152,A173,1,A191,False,male,0,0
973,60,7297.0,4,4,36,1,A11,A32,A49,A61,A75,A102,A124,A143,A151,A173,1,A191,False,male,1,1
715,30,7596.0,1,4,63,2,A14,A34,A41,A65,A75,A101,A123,A143,A152,A173,1,A191,False,male,0,0
744,39,14179.0,4,4,30,2,A11,A34,A42,A65,A74,A101,A122,A143,A152,A174,1,A192,False,male,0,0
195,9,1501.0,2,3,34,2,A12,A34,A46,A61,A75,A101,A123,A143,A152,A174,1,A192,False,female,1,0
191,48,3844.0,4,4,34,1,A12,A30,A49,A62,A74,A101,A124,A143,A153,A172,2,A191,False,male,1,1
628,42,4042.0,4,4,36,2,A14,A34,A42,A63,A73,A101,A121,A143,A152,A173,1,A192,False,male,0,0
536,6,1374.0,4,3,75,1,A11,A32,A40,A65,A71,A101,A122,A143,A152,A174,1,A192,False,female,0,1
880,24,7814.0,3,3,38,1,A14,A32,A41,A61,A74,A101,A123,A143,A152,A174,1,A192,False,male,0,0
164,36,909.0,4,4,36,1,A14,A32,A40,A63,A75,A101,A122,A143,A152,A173,1,A191,False,male,0,0
106,18,6458.0,2,4,39,2,A14,A31,A40,A61,A75,A101,A124,A141,A152,A174,2,A192,False,male,1,1
16,24,2424.0,4,4,53,2,A14,A34,A43,A65,A75,A101,A122,A143,A152,A173,1,A191,False,male,0,0
575,15,2788.0,2,3,24,2,A14,A34,A42,A61,A74,A102,A123,A141,A152,A173,1,A191,False,female,0,0
925,12,697.0,4,2,46,2,A11,A31,A40,A61,A72,A101,A123,A141,A152,A173,1,A192,False,male,1,1
712,21,2476.0,4,4,46,1,A14,A32,A41,A65,A75,A101,A121,A143,A152,A174,1,A192,False,male,0,0
540,12,1534.0,1,1,23,1,A12,A32,A43,A61,A72,A101,A121,A143,A151,A173,1,A191,False,male,1,1
329,6,1068.0,4,4,28,1,A12,A32,A43,A61,A75,A101,A123,A143,A152,A173,2,A191,False,male,0,1
480,12,3573.0,1,1,23,1,A12,A34,A43,A61,A73,A101,A121,A143,A152,A172,1,A191,False,female,0,0
498,18,1301.0,4,2,32,1,A12,A32,A43,A61,A75,A103,A121,A143,A152,A172,1,A191,False,male,0,0
968,42,7166.0,2,4,29,1,A14,A32,A43,A65,A74,A101,A122,A143,A151,A173,1,A192,False,male,0,0
405,24,2039.0,1,1,22,1,A12,A32,A43,A61,A72,A101,A122,A143,A152,A173,1,A192,False,male,1,1
743,24,2483.0,4,4,22,1,A11,A31,A42,A63,A73,A101,A121,A142,A152,A173,1,A192,False,male,0,1
93,24,3617.0,4,4,20,2,A13,A34,A42,A65,A75,A102,A124,A143,A151,A173,1,A191,False,male,0,0
433,24,2058.0,4,2,33,2,A14,A34,A45,A61,A73,A101,A121,A143,A152,A173,1,A192,False,male,0,0
83,24,1755.0,4,4,58,1,A11,A32,A410,A61,A75,A103,A121,A143,A152,A172,1,A192,False,female,0,1
843,24,1559.0,4,4,50,1,A14,A31,A49,A61,A74,A101,A123,A141,A152,A173,1,A192,False,male,0,0
914,24,3161.0,4,2,31,1,A11,A31,A49,A61,A73,A101,A122,A143,A151,A173,1,A192,False,male,1,1
657,48,10222.0,4,3,37,1,A14,A32,A43,A65,A74,A101,A123,A142,A152,A173,1,A192,False,male,0,0
414,24,1381.0,4,2,35,1,A11,A32,A40,A65,A73,A101,A122,A143,A152,A173,1,A191,False,female,1,1
662,21,2241.0,4,2,50,2,A14,A32,A42,A61,A75,A101,A121,A143,A152,A173,1,A191,False,male,0,0
978,24,2538.0,4,4,47,2,A14,A33,A40,A61,A75,A101,A123,A143,A152,A172,2,A191,False,male,1,0
771,36,8065.0,3,2,25,2,A11,A34,A46,A61,A73,A101,A124,A143,A152,A174,1,A192,False,female,1,1
728,48,6416.0,4,3,59,1,A12,A31,A49,A61,A75,A101,A124,A143,A151,A173,1,A191,False,female,1,1
911,24,4736.0,2,4,25,1,A12,A34,A42,A61,A72,A101,A123,A141,A152,A172,1,A191,False,female,1,1
807,12,930.0,4,4,65,4,A14,A34,A43,A65,A75,A101,A121,A143,A152,A173,1,A191,False,male,0,0
322,24,2910.0,2,1,34,1,A11,A32,A41,A61,A74,A101,A124,A143,A153,A174,1,A192,False,male,0,1
556,18,2278.0,3,3,28,2,A12,A30,A40,A62,A72,A101,A123,A143,A152,A173,1,A191,False,female,1,1
357,36,4463.0,4,2,26,2,A14,A33,A43,A61,A73,A101,A123,A143,A152,A174,1,A192,False,male,1,0
69,36,2394.0,4,4,25,1,A14,A32,A43,A65,A73,A101,A123,A143,A152,A173,1,A191,False,female,0,0
514,24,2255.0,4,1,54,1,A14,A32,A40,A65,A72,A101,A122,A143,A152,A173,1,A191,False,male,0,0
509,39,8588.0,4,2,45,1,A14,A32,A41,A62,A75,A101,A123,A143,A152,A174,1,A192,False,male,0,0
340,24,5743.0,2,4,24,2,A12,A34,A46,A61,A72,A101,A124,A143,A153,A173,1,A192,False,female,0,1
221,12,1200.0,4,4,23,1,A11,A32,A46,A65,A73,A101,A122,A141,A151,A173,1,A192,False,female,0,1
928,30,1867.0,4,4,58,1,A14,A32,A43,A65,A75,A101,A123,A143,A152,A173,1,A192,False,male,0,0
146,6,860.0,1,4,39,2,A11,A34,A40,A61,A75,A101,A124,A143,A152,A173,1,A192,False,female,0,0
289,24,1024.0,4,4,48,1,A11,A33,A43,A61,A72,A101,A121,A142,A152,A173,1,A191,False,male,1,1
29,60,6836.0,3,4,63,2,A11,A33,A49,A61,A75,A101,A124,A143,A152,A173,1,A192,False,male,1,1
114,12,1680.0,3,1,35,1,A11,A32,A43,A63,A75,A101,A121,A143,A152,A173,1,A191,False,male,0,0
508,24,1413.0,4,2,28,1,A14,A32,A43,A61,A73,A101,A122,A143,A152,A173,1,A191,False,male,0,0
810,8,907.0,3,2,26,1,A12,A32,A49,A61,A72,A101,A121,A143,A152,A173,1,A192,False,male,0,1
972,24,1193.0,1,4,29,2,A11,A31,A40,A61,A71,A102,A124,A143,A151,A171,1,A191,False,female,1,1
176,12,2577.0,2,1,42,1,A11,A32,A42,A61,A73,A101,A123,A143,A152,A173,1,A191,False,male,0,1
168,24,3972.0,2,4,25,1,A14,A32,A42,A61,A74,A101,A122,A143,A151,A173,1,A192,False,female,0,0
347,24,3758.0,1,4,23,1,A12,A32,A43,A63,A71,A101,A124,A143,A151,A171,1,A191,False,female,0,1
376,18,2320.0,2,3,34,2,A14,A33,A43,A61,A71,A101,A121,A143,A152,A173,1,A191,False,male,0,0
764,24,2463.0,4,3,27,2,A14,A34,A40,A62,A74,A101,A122,A143,A152,A173,1,A192,False,male,0,0
871,6,1343.0,1,4,46,2,A13,A34,A40,A61,A75,A101,A121,A143,A152,A173,2,A191,True,male,0,0
889,28,7824.0,3,4,40,2,A14,A31,A41,A65,A72,A103,A121,A141,A151,A173,2,A192,False,male,0,0
772,21,3275.0,1,4,36,1,A14,A34,A41,A61,A75,A101,A123,A143,A152,A174,1,A192,False,male,0,0
189,18,3244.0,1,4,33,2,A12,A30,A42,A61,A73,A101,A123,A141,A152,A173,1,A192,False,female,0,1
136,27,8613.0,2,2,27,2,A14,A33,A41,A64,A73,A101,A123,A143,A152,A173,1,A191,False,male,0,0
446,36,1842.0,4,4,34,1,A11,A32,A40,A61,A72,A101,A123,A143,A152,A173,1,A192,False,female,1,1
839,24,2611.0,4,3,46,2,A14,A34,A43,A61,A75,A102,A121,A143,A152,A173,1,A191,False,male,0,0
254,9,2030.0,2,1,24,1,A12,A32,A42,A65,A74,A101,A123,A143,A152,A173,1,A192,False,male,0,0
881,24,9277.0,2,4,48,1,A14,A32,A41,A65,A73,A101,A124,A143,A153,A173,1,A192,False,male,0,0
290,12,1076.0,2,2,26,1,A14,A32,A49,A61,A73,A101,A121,A143,A152,A173,1,A192,True,male,0,0
941,10,1546.0,3,2,31,1,A14,A32,A40,A61,A73,A101,A121,A143,A152,A172,2,A191,True,male,0,0
954,12,1893.0,4,4,29,1,A11,A32,A40,A61,A73,A103,A122,A143,A152,A173,1,A192,False,female,0,1
232,12,2141.0,3,1,35,1,A14,A32,A43,A62,A74,A101,A124,A143,A152,A173,1,A191,False,male,0,0
645,36,7980.0,4,4,27,2,A14,A33,A49,A65,A72,A101,A123,A143,A151,A173,1,A192,False,male,1,0
33,12,1264.0,4,4,57,1,A14,A34,A49,A65,A75,A101,A124,A143,A151,A172,1,A191,False,male,0,0
88,18,2249.0,4,3,30,1,A11,A32,A40,A62,A74,A101,A123,A143,A152,A174,2,A192,False,male,0,1
44,48,6143.0,4,4,58,2,A11,A34,A41,A61,A75,A101,A124,A142,A153,A172,1,A191,False,female,1,1
341,21,3599.0,1,4,26,1,A11,A32,A42,A61,A74,A101,A123,A143,A151,A172,1,A191,False,female,0,1
61,15,1537.0,4,4,50,2,A12,A34,A43,A65,A75,A103,A121,A143,A152,A173,1,A192,False,male,0,0
953,36,10974.0,4,2,26,2,A14,A32,A42,A61,A71,A101,A123,A143,A152,A174,1,A192,False,female,1,0
199,18,4297.0,4,3,40,1,A12,A33,A42,A61,A75,A101,A124,A143,A152,A174,1,A192,False,male,1,1
429,18,1190.0,2,4,55,3,A11,A34,A45,A61,A71,A101,A124,A143,A153,A171,2,A191,False,female,1,1
747,12,1274.0,3,1,37,1,A11,A32,A40,A61,A72,A101,A121,A143,A152,A172,1,A191,False,female,1,1
394,9,2406.0,2,3,31,1,A14,A34,A42,A61,A71,A101,A123,A143,A152,A174,1,A191,False,male,0,0
730,24,6403.0,1,2,33,1,A12,A33,A43,A61,A72,A101,A123,A143,A152,A173,1,A191,False,male,0,1
297,10,1287.0,4,2,45,1,A14,A32,A40,A65,A75,A102,A122,A143,A152,A172,1,A191,True,male,0,0
73,42,5954.0,2,1,41,2,A12,A34,A49,A61,A74,A101,A121,A141,A152,A172,1,A191,False,female,0,0
393,6,1957.0,1,4,31,1,A11,A34,A43,A61,A74,A101,A123,A143,A152,A173,1,A191,False,female,0,0
547,24,1552.0,3,1,32,1,A14,A32,A43,A61,A74,A101,A123,A141,A152,A173,2,A191,False,male,0,0
579,24,937.0,4,3,27,2,A14,A32,A48,A61,A72,A101,A123,A143,A152,A172,1,A191,False,male,0,0
541,24,2032.0,4,4,60,2,A14,A33,A40,A61,A75,A101,A124,A143,A153,A173,1,A192,False,male,0,0
854,36,10875.0,2,2,45,2,A14,A33,A40,A61,A75,A101,A123,A143,A152,A173,2,A192,False,male,0,0
833,24,5084.0,2,4,42,1,A12,A32,A43,A65,A75,A101,A123,A143,A152,A173,1,A192,False,female,0,0
840,36,5179.0,4,2,29,1,A11,A32,A42,A61,A74,A101,A122,A143,A152,A173,1,A191,False,male,1,1
663,6,1050.0,4,1,35,2,A12,A33,A42,A61,A71,A101,A122,A142,A152,A174,1,A192,False,male,0,1
217,36,3913.0,2,2,23,1,A13,A32,A43,A61,A73,A101,A121,A143,A152,A173,1,A192,False,male,0,0
539,18,3049.0,1,1,45,1,A13,A32,A42,A61,A72,A101,A122,A142,A152,A172,1,A191,False,female,0,1
828,36,8335.0,3,4,47,1,A11,A32,A41,A65,A75,A101,A124,A143,A153,A173,1,A191,False,male,1,1
623,12,1858.0,4,1,22,1,A11,A32,A42,A61,A72,A101,A123,A143,A151,A173,1,A191,False,female,0,1
668,12,4843.0,3,4,43,2,A11,A34,A40,A61,A75,A102,A122,A143,A151,A173,1,A192,False,male,1,1
824,18,3780.0,3,2,35,2,A14,A34,A42,A61,A72,A101,A123,A143,A152,A174,1,A192,False,male,0,0
421,12,2028.0,4,2,30,1,A12,A32,A41,A65,A73,A101,A123,A143,A152,A173,1,A191,False,male,0,0
694,24,2284.0,4,2,28,1,A14,A32,A43,A61,A74,A101,A123,A143,A152,A173,1,A192,False,male,0,0
138,15,2728.0,4,2,35,3,A12,A34,A43,A65,A74,A103,A121,A141,A152,A173,1,A192,False,male,0,0
212,27,5293.0,2,4,50,2,A11,A30,A49,A61,A71,A101,A122,A142,A152,A173,1,A192,False,male,1,1
616,60,9157.0,2,2,27,1,A12,A33,A43,A65,A73,A101,A124,A143,A153,A174,1,A191,False,male,0,1
842,18,1943.0,4,4,23,1,A14,A32,A45,A61,A72,A101,A121,A143,A152,A173,1,A191,False,female,1,0
838,24,2957.0,4,4,63,2,A11,A34,A41,A61,A75,A101,A122,A143,A152,A173,1,A192,False,male,0,0
866,18,2389.0,4,1,27,1,A11,A32,A43,A61,A72,A101,A123,A142,A152,A173,1,A191,False,female,0,1
727,18,1882.0,4,4,25,2,A11,A32,A43,A61,A73,A101,A123,A141,A151,A173,1,A191,False,female,1,1
965,30,1715.0,4,1,26,1,A12,A32,A43,A65,A73,A101,A123,A143,A152,A173,1,A191,False,female,0,0
701,48,6331.0,4,4,46,2,A11,A34,A41,A61,A75,A101,A124,A143,A153,A173,1,A192,False,male,1,1
726,15,1316.0,2,2,47,2,A14,A34,A43,A63,A73,A101,A122,A143,A152,A172,1,A191,False,male,0,0
917,6,14896.0,1,4,68,1,A11,A32,A40,A61,A75,A101,A124,A141,A152,A174,1,A192,False,male,1,1
716,30,3077.0,3,2,40,2,A14,A34,A43,A65,A75,A101,A123,A143,A152,A173,2,A192,False,male,0,0
234,4,1544.0,2,1,42,3,A14,A34,A43,A61,A74,A101,A121,A143,A152,A172,2,A191,False,male,0,0
67,12,1007.0,4,1,22,1,A12,A32,A40,A64,A73,A101,A121,A143,A152,A173,1,A191,False,male,0,0
24,10,2069.0,2,1,26,2,A14,A34,A42,A65,A73,A101,A123,A143,A152,A173,1,A191,True,male,0,0
381,18,12976.0,3,4,38,1,A12,A32,A41,A61,A71,A101,A124,A143,A153,A174,1,A192,False,female,1,1
216,18,3104.0,3,1,31,1,A11,A30,A49,A61,A74,A101,A122,A141,A152,A173,1,A192,False,male,0,1
735,36,3990.0,3,2,29,1,A12,A31,A44,A65,A72,A101,A124,A141,A152,A171,1,A191,False,female,0,1
129,12,3499.0,3,2,29,2,A11,A34,A40,A61,A73,A102,A121,A143,A152,A173,1,A191,False,female,1,1
349,9,1136.0,4,3,32,2,A12,A34,A46,A64,A75,A101,A124,A143,A153,A173,2,A191,False,male,1,1
111,15,392.0,4,4,23,1,A13,A32,A46,A61,A72,A101,A122,A143,A151,A173,1,A192,False,female,0,1
166,18,1131.0,4,2,33,1,A11,A32,A42,A61,A71,A101,A123,A143,A152,A173,1,A191,False,female,1,1
207,12,1424.0,4,3,26,1,A12,A34,A44,A61,A74,A101,A122,A143,A152,A173,1,A191,False,male,0,0
438,42,3394.0,4,4,65,2,A11,A34,A45,A61,A71,A102,A123,A143,A152,A171,1,A191,False,male,0,1
552,48,6999.0,1,1,34,2,A11,A32,A43,A61,A74,A103,A121,A143,A152,A173,1,A192,False,male,1,0
274,30,11998.0,1,1,34,1,A11,A32,A45,A61,A72,A101,A124,A143,A152,A172,1,A192,False,male,1,1
974,30,2831.0,4,2,33,1,A14,A34,A43,A61,A73,A101,A123,A143,A152,A173,1,A192,False,female,0,0
591,24,1965.0,4,4,42,2,A12,A33,A40,A65,A73,A101,A123,A143,A151,A173,1,A192,False,female,0,1
800,24,1597.0,4,4,54,2,A14,A34,A46,A61,A75,A101,A124,A143,A153,A173,2,A191,False,male,0,0
937,6,2063.0,4,3,30,1,A12,A32,A43,A61,A72,A101,A123,A143,A151,A174,1,A192,False,male,0,1
525,26,7966.0,2,3,30,2,A12,A32,A41,A61,A72,A101,A123,A143,A152,A173,1,A191,False,male,0,1
287,48,7582.0,2,4,31,1,A12,A33,A410,A62,A71,A101,A124,A143,A153,A174,1,A192,False,male,0,1
469,24,4679.0,3,3,35,2,A14,A33,A41,A61,A74,A101,A123,A143,A152,A172,1,A192,False,male,0,0
326,12,5801.0,2,4,49,1,A14,A34,A42,A65,A75,A101,A122,A143,A151,A173,1,A192,False,male,0,0
121,24,3868.0,4,2,41,2,A14,A34,A41,A61,A75,A101,A123,A143,A151,A174,1,A192,False,female,0,0
994,12,2390.0,4,3,50,1,A14,A32,A40,A65,A75,A101,A123,A143,A152,A173,1,A192,False,male,0,0
507,15,6850.0,1,2,34,1,A12,A31,A40,A62,A71,A101,A122,A143,A152,A174,2,A192,False,male,1,1
228,9,1478.0,4,2,22,1,A14,A32,A43,A61,A74,A101,A123,A143,A152,A173,1,A191,False,male,1,0
673,6,2080.0,1,2,24,1,A14,A34,A40,A63,A73,A101,A123,A143,A152,A173,1,A191,False,male,0,0
595,6,931.0,1,1,32,1,A12,A31,A40,A62,A72,A101,A122,A142,A152,A172,1,A191,False,female,1,1
445,9,1244.0,4,4,41,2,A14,A34,A46,A65,A75,A101,A122,A143,A151,A172,1,A191,False,female,0,0
117,10,2132.0,2,3,27,2,A11,A34,A42,A65,A72,A102,A121,A143,A151,A173,1,A191,True,female,0,0
464,18,1950.0,4,1,34,2,A14,A32,A49,A61,A74,A101,A123,A142,A152,A173,1,A192,False,male,0,0
25,6,1374.0,1,2,36,1,A11,A32,A42,A61,A73,A101,A121,A141,A152,A172,1,A192,False,male,0,1
110,6,1449.0,1,2,31,2,A12,A33,A49,A62,A75,A101,A123,A141,A152,A173,2,A191,False,male,0,0
149,18,1582.0,4,4,46,2,A14,A34,A43,A64,A75,A101,A123,A143,A152,A173,1,A191,False,male,0,0
152,36,5848.0,4,1,24,1,A13,A32,A43,A61,A73,A101,A123,A143,A152,A173,1,A191,False,male,0,1
528,36,2302.0,4,4,31,1,A11,A32,A43,A61,A73,A101,A123,A143,A151,A173,1,A191,False,male,1,1
696,12,1103.0,4,3,29,2,A12,A32,A43,A61,A74,A103,A121,A143,A152,A173,1,A191,True,male,0,0
621,18,1530.0,3,2,32,2,A14,A34,A40,A61,A73,A101,A122,A141,A152,A173,1,A191,False,male,1,0
461,15,1721.0,2,3,36,1,A11,A32,A40,A61,A72,A101,A121,A143,A152,A173,1,A191,False,male,0,1
598,18,2775.0,2,2,31,2,A14,A34,A40,A61,A74,A101,A122,A141,A152,A173,1,A191,False,male,1,0
139,12,1881.0,2,2,44,1,A13,A32,A43,A61,A73,A101,A123,A143,A151,A172,1,A192,False,female,0,1
749,15,3029.0,2,2,33,1,A14,A32,A41,A61,A74,A101,A123,A143,A152,A173,1,A191,False,male,0,0
260,12,1657.0,2,2,27,1,A11,A32,A42,A61,A73,A101,A121,A143,A152,A173,1,A191,False,male,0,1
961,21,2353.0,1,4,47,2,A12,A33,A40,A61,A73,A101,A122,A143,A152,A173,1,A191,False,male,0,1
323,18,2659.0,4,2,28,1,A11,A32,A42,A64,A73,A101,A123,A143,A152,A173,1,A191,False,male,0,1
897,12,1592.0,3,2,35,1,A14,A34,A42,A64,A74,A101,A122,A143,A152,A173,1,A191,True,female,0,0
248,24,1925.0,2,2,26,1,A13,A32,A42,A61,A73,A101,A121,A143,A152,A173,1,A191,False,male,0,0
450,36,11054.0,4,2,30,1,A14,A34,A41,A65,A73,A101,A123,A143,A152,A174,1,A192,False,male,0,0
410,24,1967.0,4,4,20,1,A12,A32,A43,A61,A75,A101,A123,A143,A152,A173,1,A192,False,female,0,0
607,36,2671.0,4,4,50,1,A12,A32,A43,A62,A73,A102,A124,A143,A153,A173,1,A191,False,female,1,1
19,24,3430.0,3,2,31,1,A14,A32,A43,A63,A75,A101,A123,A143,A152,A173,2,A192,False,male,0,0
328,36,4473.0,4,2,31,1,A13,A32,A43,A61,A75,A101,A123,A143,A152,A173,1,A191,False,male,0,0
296,12,4675.0,1,4,20,1,A14,A32,A41,A65,A72,A101,A123,A143,A151,A173,1,A191,False,female,0,0
269,24,999.0,4,2,25,2,A14,A32,A43,A65,A75,A101,A123,A143,A152,A173,1,A191,False,male,0,0
226,48,10961.0,1,2,27,2,A12,A32,A43,A64,A74,A102,A124,A141,A152,A173,1,A192,False,male,1,0
94,12,1318.0,4,4,54,1,A12,A32,A40,A64,A75,A101,A121,A143,A152,A173,1,A192,False,male,0,0
515,6,609.0,4,3,37,2,A11,A34,A40,A61,A74,A101,A122,A143,A152,A173,1,A191,True,female,0,1
841,21,2993.0,3,2,28,2,A14,A33,A41,A61,A73,A101,A121,A142,A152,A172,1,A191,False,male,0,0
637,60,15653.0,2,4,21,2,A14,A33,A43,A61,A74,A101,A123,A143,A152,A173,1,A192,False,male,0,0
280,15,3368.0,3,4,23,2,A14,A34,A41,A64,A75,A101,A124,A143,A151,A173,1,A192,False,male,0,0
286,48,4788.0,4,3,26,1,A11,A32,A41,A61,A74,A101,A122,A143,A152,A173,2,A191,False,male,0,1
589,12,2246.0,3,3,60,2,A11,A34,A42,A61,A75,A101,A122,A143,A152,A173,1,A191,False,male,1,1
930,24,1747.0,4,1,24,1,A11,A32,A42,A61,A72,A102,A122,A143,A152,A172,1,A191,True,male,0,1
444,48,5096.0,2,3,30,1,A12,A34,A42,A61,A73,A101,A123,A143,A152,A174,1,A192,False,female,1,1
184,18,884.0,4,4,36,1,A12,A34,A40,A61,A75,A101,A123,A141,A152,A173,2,A192,False,male,1,1
371,18,6070.0,3,4,33,2,A14,A34,A43,A61,A75,A101,A123,A143,A152,A173,1,A192,False,male,0,0
872,24,1382.0,4,1,26,2,A11,A34,A49,A62,A74,A101,A121,A143,A152,A173,1,A192,False,male,0,0
976,6,753.0,2,3,64,1,A12,A32,A43,A61,A73,A103,A121,A143,A152,A173,1,A191,False,female,0,0
275,9,2697.0,1,2,32,1,A14,A32,A43,A61,A73,A101,A121,A143,A152,A173,2,A191,False,male,0,0
806,6,590.0,3,3,26,1,A12,A32,A43,A61,A72,A101,A121,A143,A152,A172,1,A191,True,male,0,0
935,30,1919.0,4,3,30,2,A12,A33,A43,A62,A72,A101,A124,A142,A152,A174,1,A191,False,male,1,1
182,21,1647.0,4,2,40,2,A11,A31,A40,A65,A73,A101,A122,A143,A152,A172,2,A191,False,male,1,1
32,18,5866.0,2,2,30,2,A12,A32,A40,A62,A73,A101,A123,A143,A152,A173,1,A192,False,male,0,1
80,24,5943.0,1,1,44,2,A14,A32,A43,A65,A72,A101,A123,A143,A152,A173,1,A192,False,female,1,0
307,12,727.0,4,3,33,1,A11,A32,A43,A62,A72,A101,A124,A143,A152,A172,1,A192,False,male,1,1
770,24,2812.0,2,4,26,1,A11,A32,A41,A65,A75,A101,A121,A143,A151,A173,1,A191,False,female,0,0
11,48,4308.0,3,4,24,1,A11,A32,A49,A61,A72,A101,A122,A143,A151,A173,1,A191,False,female,1,1
43,30,6187.0,1,4,24,2,A11,A34,A41,A62,A74,A101,A123,A143,A151,A173,1,A191,False,male,0,0
86,18,1295.0,4,1,27,2,A12,A34,A42,A61,A72,A101,A122,A143,A152,A173,1,A191,False,female,0,1
778,36,5711.0,4,2,38,2,A14,A34,A41,A64,A75,A101,A123,A143,A152,A174,1,A192,False,male,0,0
36,48,6110.0,1,3,31,1,A14,A34,A46,A61,A73,A101,A124,A141,A153,A173,1,A192,False,male,0,0
980,30,8386.0,2,2,49,1,A12,A34,A42,A61,A74,A101,A122,A143,A152,A173,1,A191,False,male,1,0
58,18,1961.0,3,2,23,1,A13,A32,A40,A61,A75,A101,A123,A143,A152,A174,1,A191,False,female,0,1
41,12,1158.0,3,1,26,1,A12,A32,A43,A63,A73,A101,A123,A143,A152,A173,1,A192,False,male,0,0
782,12,1410.0,2,2,31,1,A12,A30,A48,A61,A73,A101,A121,A143,A152,A172,1,A192,False,male,0,0
411,33,7253.0,3,2,35,2,A14,A34,A41,A61,A74,A101,A123,A143,A152,A174,1,A192,False,male,0,0
562,6,683.0,2,1,29,1,A13,A33,A43,A61,A72,A101,A122,A141,A152,A173,1,A191,False,female,0,1
209,12,1413.0,3,2,55,1,A14,A32,A41,A64,A74,A101,A122,A143,A152,A173,1,A191,True,male,0,0
148,36,5371.0,3,2,28,2,A11,A34,A42,A61,A73,A103,A122,A143,A152,A173,1,A191,False,male,0,1
739,30,4280.0,4,4,26,2,A12,A30,A49,A62,A73,A101,A123,A143,A151,A172,1,A191,False,female,1,1
594,24,1358.0,4,3,40,1,A11,A31,A410,A65,A75,A101,A123,A142,A152,A174,1,A192,False,male,1,1
123,10,781.0,4,4,63,2,A13,A34,A40,A61,A75,A101,A124,A143,A153,A173,1,A192,False,male,0,0
734,4,3380.0,1,1,37,1,A14,A34,A40,A61,A74,A101,A121,A143,A152,A173,2,A191,False,female,0,0
574,9,1082.0,4,4,27,2,A12,A32,A43,A61,A75,A101,A123,A143,A152,A172,1,A191,False,male,0,1
98,36,2337.0,4,4,36,1,A12,A34,A43,A61,A75,A101,A121,A143,A152,A173,1,A191,False,male,0,0
377,7,846.0,3,4,36,1,A14,A33,A43,A65,A75,A101,A124,A143,A153,A173,1,A191,False,male,0,0
130,48,8487.0,1,2,24,1,A12,A32,A40,A65,A74,A101,A123,A143,A152,A173,1,A191,False,female,0,0
699,15,1905.0,4,4,40,1,A13,A32,A46,A61,A75,A101,A123,A143,A151,A174,1,A192,False,male,0,1
23,12,1804.0,3,4,44,1,A12,A34,A41,A62,A72,A101,A122,A143,A152,A173,1,A191,False,male,0,0
869,12,652.0,4,4,24,1,A11,A32,A42,A61,A75,A101,A122,A143,A151,A173,1,A191,False,female,0,1
555,12,1331.0,2,1,22,1,A12,A32,A43,A61,A72,A101,A123,A142,A152,A173,1,A191,False,male,1,1
370,36,3079.0,4,4,36,1,A14,A32,A40,A65,A73,A101,A121,A143,A152,A173,1,A191,False,male,0,0
512,15,2687.0,2,4,26,1,A13,A32,A49,A61,A74,A101,A122,A143,A151,A173,1,A192,False,male,0,1
383,12,1330.0,4,1,26,1,A13,A32,A40,A61,A72,A101,A121,A143,A152,A173,1,A191,False,male,0,1
201,12,1168.0,4,3,27,1,A11,A32,A40,A61,A73,A101,A121,A143,A152,A172,1,A191,False,male,0,1
368,36,3446.0,4,2,42,1,A11,A32,A42,A61,A75,A101,A123,A143,A152,A173,2,A191,False,male,1,1
554,9,1199.0,4,4,67,2,A12,A32,A46,A61,A74,A101,A122,A143,A152,A174,1,A192,False,female,0,1
610,12,741.0,4,3,22,1,A11,A32,A44,A62,A71,A101,A122,A143,A152,A173,1,A191,False,female,1,1
387,18,7374.0,4,4,40,2,A12,A34,A42,A61,A71,A101,A122,A142,A152,A174,1,A192,False,male,0,1
861,18,2169.0,4,2,28,1,A14,A33,A49,A61,A73,A101,A123,A143,A152,A173,1,A192,False,male,1,0
816,6,1338.0,1,4,62,1,A14,A32,A44,A63,A73,A101,A121,A143,A152,A173,1,A191,False,male,0,0
292,24,6419.0,2,4,44,2,A11,A34,A41,A61,A75,A101,A124,A143,A153,A174,2,A192,False,female,0,1
690,15,975.0,2,3,25,2,A11,A34,A42,A61,A73,A101,A122,A143,A152,A173,1,A191,False,male,0,1
256,24,2684.0,4,2,35,2,A14,A34,A43,A61,A73,A101,A121,A143,A152,A172,1,A191,False,male,0,0
606,24,4526.0,3,2,74,1,A14,A34,A49,A61,A73,A101,A121,A143,A152,A174,1,A192,False,male,0,0
197,12,951.0,4,4,27,4,A12,A32,A42,A62,A72,A101,A123,A141,A151,A173,1,A191,False,female,1,1
95,54,15945.0,3,4,58,1,A12,A30,A49,A61,A72,A101,A124,A143,A151,A173,1,A192,False,male,1,1
962,15,3556.0,3,2,29,1,A14,A32,A40,A65,A73,A101,A124,A143,A152,A173,1,A191,False,male,0,0
943,4,1455.0,2,1,42,3,A14,A34,A40,A61,A74,A101,A121,A143,A152,A172,2,A191,False,male,0,0
169,24,1935.0,4,4,31,2,A12,A34,A49,A61,A75,A101,A121,A143,A152,A173,1,A192,False,male,1,0
581,12,3124.0,1,3,49,2,A12,A34,A40,A61,A72,A101,A121,A141,A152,A172,2,A191,False,male,0,1
305,6,1543.0,4,2,33,1,A14,A32,A42,A64,A73,A101,A121,A143,A152,A173,1,A191,False,male,0,0
560,24,2964.0,4,4,49,1,A11,A32,A41,A65,A75,A101,A124,A141,A153,A173,2,A192,False,male,0,1
853,18,1442.0,4,4,32,2,A11,A31,A40,A61,A74,A101,A124,A143,A153,A172,2,A191,False,male,1,1
373,60,13756.0,2,4,63,1,A14,A34,A40,A65,A75,A101,A124,A141,A153,A174,1,A192,False,male,0,0
719,20,6148.0,3,4,31,2,A12,A30,A41,A62,A75,A101,A123,A141,A152,A173,1,A192,False,male,0,0
791,24,6313.0,3,4,41,1,A14,A32,A41,A65,A75,A101,A123,A143,A152,A174,2,A192,False,male,0,0
227,12,7865.0,4,4,53,1,A11,A32,A42,A61,A75,A101,A124,A143,A153,A174,1,A192,False,male,1,1
660,12,1297.0,3,4,23,1,A13,A32,A43,A61,A73,A101,A121,A143,A151,A173,1,A191,False,male,0,0
143,18,2462.0,2,2,22,1,A11,A32,A42,A61,A73,A101,A123,A143,A152,A173,1,A191,False,male,1,1
846,18,6761.0,2,4,68,2,A14,A32,A40,A65,A73,A101,A123,A143,A151,A173,1,A191,False,male,1,0
180,36,9572.0,1,1,28,2,A14,A33,A49,A61,A72,A101,A123,A143,A152,A173,1,A191,False,male,1,0
868,36,7409.0,3,2,37,2,A14,A32,A49,A65,A75,A101,A122,A143,A152,A173,1,A191,False,male,0,0
131,36,6887.0,4,3,29,1,A11,A33,A46,A61,A73,A101,A122,A142,A152,A173,1,A192,False,male,1,1
949,24,3621.0,2,4,31,2,A14,A32,A43,A62,A75,A101,A123,A143,A152,A173,1,A191,False,male,1,0
47,6,1352.0,1,2,23,1,A11,A32,A41,A63,A71,A101,A122,A143,A151,A171,1,A192,False,female,0,1
774,12,1480.0,2,4,66,3,A13,A34,A40,A63,A71,A101,A124,A141,A153,A171,1,A191,False,male,0,1
324,18,1028.0,4,3,36,2,A14,A34,A40,A61,A73,A101,A121,A143,A152,A173,1,A191,False,female,0,0
203,12,902.0,4,4,21,1,A11,A32,A48,A61,A74,A101,A122,A143,A151,A173,1,A191,False,male,1,1
84,10,2315.0,3,4,52,1,A11,A32,A43,A61,A75,A101,A121,A143,A152,A172,1,A191,False,male,0,0
633,9,1980.0,2,2,19,2,A14,A32,A42,A61,A72,A102,A123,A143,A151,A173,1,A191,False,female,1,1
565,24,1553.0,3,2,23,2,A12,A33,A43,A62,A74,A101,A122,A143,A151,A173,1,A192,False,female,0,0
611,10,1240.0,1,4,48,1,A13,A32,A40,A62,A75,A101,A124,A143,A153,A172,2,A191,False,female,1,1
398,12,1223.0,1,1,46,2,A12,A32,A40,A61,A75,A101,A121,A143,A151,A173,1,A191,False,male,1,1
896,21,2606.0,4,4,28,1,A11,A32,A43,A61,A72,A101,A122,A143,A151,A174,1,A192,False,female,0,1
91,12,1409.0,4,3,54,1,A11,A34,A41,A61,A75,A101,A121,A143,A152,A173,1,A191,False,male,0,0
82,18,1568.0,3,4,24,1,A14,A32,A49,A62,A73,A101,A122,A143,A151,A172,1,A191,False,female,0,0
430,5,3448.0,1,4,74,1,A14,A32,A49,A61,A74,A101,A121,A143,A152,A172,1,A191,False,male,0,0
779,18,3872.0,2,4,67,1,A12,A32,A45,A61,A71,A101,A123,A143,A152,A173,1,A192,False,female,0,1
119,12,2366.0,3,3,36,1,A12,A34,A40,A63,A74,A101,A123,A143,A152,A174,1,A192,False,male,0,0
870,36,7678.0,2,4,40,2,A14,A33,A42,A63,A74,A101,A123,A143,A152,A173,1,A192,False,female,0,0
291,36,9398.0,1,4,28,1,A12,A32,A41,A61,A72,A101,A123,A143,A151,A174,1,A192,False,male,1,1
57,36,9566.0,2,2,31,2,A14,A34,A43,A61,A73,A101,A123,A142,A152,A173,1,A191,False,female,0,0
321,24,1938.0,4,3,32,1,A11,A32,A43,A61,A72,A101,A122,A143,A152,A173,1,A191,False,male,1,1
257,12,2149.0,4,1,29,1,A11,A31,A43,A61,A73,A101,A124,A143,A153,A173,1,A191,False,male,1,1
888,36,6614.0,4,4,34,2,A14,A34,A40,A61,A75,A101,A123,A143,A152,A174,1,A192,False,male,0,0
947,12,2859.0,4,4,38,1,A14,A32,A40,A65,A71,A101,A124,A143,A152,A174,1,A192,False,male,0,0
442,20,2629.0,2,3,29,2,A12,A33,A410,A61,A73,A101,A123,A141,A152,A173,1,A192,False,male,0,1
42,18,6204.0,2,4,44,1,A12,A33,A45,A61,A73,A101,A121,A143,A152,A172,2,A192,False,male,0,0
617,6,3676.0,1,3,37,3,A11,A34,A40,A61,A73,A101,A121,A143,A151,A173,2,A191,False,male,0,1
388,15,2326.0,2,4,27,1,A12,A34,A49,A63,A73,A101,A123,A141,A152,A173,1,A191,False,male,0,0
335,6,3384.0,1,4,44,1,A11,A34,A42,A61,A73,A101,A121,A143,A151,A174,1,A192,False,male,1,1
273,48,3060.0,4,4,28,2,A12,A32,A43,A61,A74,A101,A121,A143,A152,A173,1,A191,False,male,1,0
756,6,1299.0,1,1,74,3,A13,A34,A40,A61,A73,A101,A121,A143,A152,A171,2,A191,True,male,0,0
488,10,1418.0,3,2,35,1,A14,A32,A40,A62,A73,A101,A121,A143,A151,A172,1,A191,True,male,0,0
550,12,996.0,4,4,23,2,A14,A34,A45,A65,A74,A101,A121,A143,A152,A173,1,A191,False,female,0,0
901,20,3485.0,2,4,44,2,A14,A34,A40,A65,A72,A101,A121,A143,A152,A173,1,A192,False,male,0,0
53,18,3378.0,2,1,31,1,A14,A32,A41,A65,A73,A101,A122,A143,A152,A173,1,A192,False,male,0,0
932,9,1224.0,3,1,30,2,A14,A34,A40,A61,A73,A101,A121,A143,A152,A173,1,A191,False,male,0,0
936,9,745.0,3,2,28,1,A13,A32,A43,A61,A73,A101,A121,A143,A152,A172,1,A191,False,female,1,0
128,12,1860.0,4,2,34,2,A12,A34,A41,A61,A71,A101,A123,A143,A152,A174,1,A192,False,male,0,0
802,20,4272.0,1,4,24,2,A11,A34,A42,A61,A75,A101,A122,A143,A152,A173,1,A191,False,female,0,0
28,7,2415.0,3,2,34,1,A12,A32,A43,A61,A73,A103,A121,A143,A152,A173,1,A191,False,male,0,0
183,24,3777.0,4,4,50,1,A14,A34,A42,A64,A73,A101,A121,A143,A152,A173,1,A192,False,male,0,0
882,30,2181.0,4,4,36,2,A12,A34,A40,A65,A75,A101,A121,A143,A152,A173,1,A191,False,male,0,0
459,18,4594.0,3,2,32,1,A14,A32,A43,A61,A72,A101,A123,A143,A152,A173,1,A192,False,male,0,0
510,12,759.0,4,2,26,1,A11,A32,A40,A61,A74,A101,A121,A143,A152,A173,1,A191,False,male,1,1
675,30,4530.0,4,4,26,1,A14,A34,A43,A61,A74,A101,A123,A143,A151,A174,1,A192,False,female,0,0
151,10,1924.0,1,4,38,1,A14,A32,A43,A61,A73,A101,A122,A143,A152,A173,1,A192,True,male,0,0
244,12,3447.0,4,3,35,1,A14,A31,A48,A63,A73,A101,A121,A143,A152,A172,2,A191,False,female,0,0
714,60,14027.0,4,2,27,1,A12,A32,A40,A61,A74,A101,A124,A143,A152,A174,1,A192,False,male,1,1
543,18,2864.0,2,1,34,1,A13,A32,A42,A61,A73,A101,A121,A143,A152,A172,2,A191,False,male,1,1
544,12,1255.0,4,4,61,2,A14,A34,A40,A61,A75,A101,A121,A143,A152,A172,1,A191,False,male,0,0
639,42,4370.0,3,2,26,2,A11,A33,A43,A61,A74,A101,A122,A141,A152,A173,2,A192,False,male,1,1
697,12,926.0,1,2,38,1,A14,A34,A40,A61,A71,A101,A122,A143,A152,A171,1,A191,False,female,0,0
265,15,802.0,4,3,37,1,A12,A32,A43,A61,A75,A101,A123,A143,A152,A173,2,A191,False,male,1,1
288,12,1092.0,4,4,49,2,A12,A32,A43,A61,A73,A103,A121,A143,A152,A173,1,A192,False,female,0,0
423,21,1591.0,4,3,34,2,A14,A33,A42,A62,A74,A101,A121,A143,A152,A174,1,A191,False,male,0,0
910,36,4454.0,4,4,34,2,A14,A33,A43,A61,A73,A101,A121,A143,A152,A173,1,A191,False,female,0,0
147,12,682.0,4,3,51,2,A14,A34,A40,A62,A74,A101,A123,A143,A152,A173,1,A192,False,female,0,0
659,18,6361.0,2,1,41,1,A12,A34,A42,A61,A75,A101,A124,A143,A152,A173,1,A192,False,male,0,0
797,12,1258.0,2,4,22,2,A14,A34,A42,A61,A72,A101,A122,A143,A151,A172,1,A191,False,female,0,0
966,27,2520.0,4,2,23,2,A12,A34,A43,A63,A73,A101,A122,A143,A152,A172,1,A191,False,male,1,0
177,6,338.0,4,4,52,2,A11,A34,A43,A63,A75,A101,A123,A143,A152,A173,1,A191,False,male,0,0
99,20,7057.0,3,4,36,2,A12,A33,A41,A65,A74,A101,A122,A141,A151,A174,2,A192,False,male,0,1
850,20,2235.0,4,2,33,2,A11,A34,A40,A61,A73,A103,A122,A141,A151,A173,1,A191,True,male,1,1
448,12,1424.0,3,4,55,1,A13,A32,A42,A65,A75,A101,A121,A143,A152,A174,1,A192,False,female,0,0
431,24,11328.0,2,3,29,2,A12,A32,A410,A61,A73,A102,A123,A141,A152,A174,1,A192,False,male,1,1
847,24,1249.0,4,2,28,1,A14,A32,A40,A61,A72,A101,A121,A143,A152,A173,1,A191,False,male,0,0
709,9,2118.0,2,2,37,1,A12,A32,A43,A61,A73,A101,A121,A143,A152,A172,2,A191,False,male,0,0
755,24,1285.0,4,4,32,1,A11,A32,A40,A65,A74,A101,A124,A143,A151,A173,1,A191,False,female,1,1
115,48,3578.0,4,1,47,1,A14,A34,A43,A65,A75,A101,A121,A143,A152,A173,1,A192,False,male,0,0
916,10,2848.0,1,2,32,1,A14,A32,A41,A62,A73,A102,A121,A143,A152,A173,2,A191,False,male,0,0
777,18,3509.0,4,1,25,1,A11,A32,A43,A61,A74,A103,A121,A143,A152,A173,1,A191,False,female,0,1
72,8,1164.0,3,4,51,2,A11,A34,A410,A61,A75,A101,A124,A141,A153,A174,2,A192,False,male,0,1
845,21,3976.0,2,3,35,1,A12,A32,A42,A65,A74,A101,A123,A143,A152,A173,1,A192,False,male,0,0
537,18,3612.0,3,4,37,1,A12,A34,A42,A61,A75,A101,A122,A143,A152,A173,1,A192,False,female,0,0
677,72,5595.0,2,2,24,1,A12,A32,A43,A62,A73,A101,A123,A143,A152,A173,1,A191,False,male,1,0
849,12,709.0,4,4,57,1,A11,A32,A43,A61,A75,A101,A121,A142,A152,A172,1,A191,False,male,1,1
983,36,8229.0,2,2,26,1,A11,A32,A41,A61,A73,A101,A122,A143,A152,A173,2,A191,False,male,1,1
174,21,3414.0,2,1,26,2,A11,A33,A46,A61,A72,A101,A122,A143,A152,A173,1,A191,False,male,1,1
87,36,12612.0,1,4,47,1,A12,A32,A46,A62,A73,A101,A124,A143,A153,A173,2,A192,False,male,1,1
551,6,1750.0,2,4,45,1,A14,A31,A43,A63,A75,A101,A122,A141,A152,A172,2,A191,False,male,0,0
486,12,3077.0,2,4,52,1,A14,A32,A43,A61,A73,A101,A123,A143,A152,A173,1,A192,False,male,0,0
705,15,5324.0,1,4,35,1,A14,A32,A40,A63,A75,A101,A124,A143,A153,A173,1,A191,False,female,0,0
314,4,1494.0,1,2,29,1,A13,A32,A40,A65,A72,A101,A121,A143,A152,A172,2,A191,True,male,0,0
396,12,2578.0,3,4,55,1,A11,A32,A42,A61,A71,A101,A124,A143,A153,A174,1,A191,False,female,0,1
600,7,2329.0,1,1,45,1,A12,A32,A43,A61,A72,A103,A121,A143,A152,A173,1,A191,False,female,0,0
472,9,654.0,4,3,28,1,A11,A32,A40,A61,A73,A101,A123,A143,A152,A172,1,A191,False,male,1,1
70,36,8133.0,1,2,30,1,A14,A32,A41,A61,A73,A101,A122,A141,A152,A173,1,A191,False,female,0,0
599,24,3863.0,1,2,32,1,A14,A33,A49,A61,A73,A101,A124,A143,A153,A173,1,A191,False,male,0,0
804,12,7472.0,1,2,24,1,A12,A32,A40,A65,A71,A101,A121,A143,A151,A171,1,A191,False,female,0,1
754,12,1555.0,4,4,55,2,A14,A33,A45,A64,A75,A101,A124,A143,A153,A173,2,A191,False,male,1,0
277,12,1262.0,2,4,49,1,A11,A32,A42,A65,A75,A101,A122,A143,A152,A172,1,A192,False,male,0,0
723,9,790.0,4,3,66,1,A12,A32,A43,A63,A73,A101,A121,A143,A152,A172,1,A191,False,female,0,0
9,30,5234.0,4,2,28,2,A12,A34,A40,A61,A71,A101,A123,A143,A152,A174,1,A191,False,male,1,1
359,30,2406.0,4,4,23,1,A11,A32,A42,A61,A74,A101,A121,A143,A151,A173,1,A191,False,female,1,1
707,12,2969.0,4,3,25,2,A12,A30,A42,A61,A72,A101,A122,A143,A151,A173,1,A191,False,female,1,1
763,21,12680.0,4,4,30,1,A14,A34,A40,A65,A75,A101,A124,A143,A153,A174,1,A192,False,male,1,0
835,12,1082.0,4,4,48,2,A11,A30,A40,A61,A73,A101,A123,A141,A152,A173,1,A191,False,male,1,1
192,27,3915.0,4,2,36,1,A12,A32,A49,A61,A73,A101,A123,A143,A152,A173,2,A192,False,male,1,1
629,9,3832.0,1,4,64,1,A14,A32,A46,A65,A75,A101,A121,A143,A152,A172,1,A191,False,male,0,0
559,18,1928.0,2,2,31,2,A12,A34,A42,A61,A72,A101,A121,A143,A152,A172,1,A191,False,male,1,0
684,36,9857.0,1,3,31,2,A12,A33,A49,A62,A74,A101,A122,A143,A152,A172,2,A192,False,male,0,0
